-- phpMyAdmin SQL Dump
-- version 4.9.2
-- https://www.phpmyadmin.net/
--
-- Host: 127.0.0.1
-- Generation Time: Feb 01, 2020 at 08:08 AM
-- Server version: 10.4.10-MariaDB
-- PHP Version: 7.3.12

SET SQL_MODE = "NO_AUTO_VALUE_ON_ZERO";
SET AUTOCOMMIT = 0;
START TRANSACTION;
SET time_zone = "+00:00";


/*!40101 SET @OLD_CHARACTER_SET_CLIENT=@@CHARACTER_SET_CLIENT */;
/*!40101 SET @OLD_CHARACTER_SET_RESULTS=@@CHARACTER_SET_RESULTS */;
/*!40101 SET @OLD_COLLATION_CONNECTION=@@COLLATION_CONNECTION */;
/*!40101 SET NAMES utf8mb4 */;

--
-- Database: `seraikela`
--

-- --------------------------------------------------------

--
-- Table structure for table `asset`
--

CREATE TABLE `asset` (
  `asset_id` int(11) NOT NULL,
  `org_id` int(11) NOT NULL,
  `asset_name` varchar(200) NOT NULL,
  `asset_icon` varchar(100) DEFAULT NULL,
  `movable` varchar(5) NOT NULL,
  `parent_id` int(50) NOT NULL DEFAULT -1,
  `dept_id` int(11) NOT NULL,
  `category_id` int(11) DEFAULT NULL,
  `subcategory_id` int(11) DEFAULT NULL,
  `created_by` int(11) NOT NULL,
  `updated_by` int(11) NOT NULL,
  `created_at` timestamp NOT NULL DEFAULT current_timestamp(),
  `updated_at` timestamp NOT NULL DEFAULT current_timestamp()
) ENGINE=InnoDB DEFAULT CHARSET=utf8mb4;

--
-- Dumping data for table `asset`
--

INSERT INTO `asset` (`asset_id`, `org_id`, `asset_name`, `asset_icon`, `movable`, `parent_id`, `dept_id`, `category_id`, `subcategory_id`, `created_by`, `updated_by`, `created_at`, `updated_at`) VALUES
(5, 1, 'Ambulance', '', '1', -1, 1, 0, 0, 1, 1, '2019-11-20 00:29:12', '2019-11-20 00:29:12'),
(6, 1, 'Hospital', 'public/uploaded_documents/assets/assets-15789961572541.gif', '0', -1, 1, NULL, NULL, 1, 1, '2019-11-10 22:51:28', '2020-01-14 04:32:37'),
(7, 1, 'Building', '', '0', -1, 4, 0, 0, 1, 1, '2019-11-12 18:43:04', '2019-11-12 20:16:47'),
(8, 1, 'School', 'public/uploaded_documents/assets/assets-15766517044897.png', '0', -1, 4, 17, 58, 1, 1, '2019-11-13 00:00:52', '2019-12-18 01:18:24'),
(34, 1, 'Parent', 'public/uploaded_documents/assets/assets-15784690284939.png', '0', -1, 7, 16, 11, 1, 1, '2020-01-08 02:07:08', '2020-01-09 04:09:43'),
(35, 1, 'child123', 'public/uploaded_documents/assets/assets-15784691513484.png', '1', 34, 7, 5, 179, 1, 1, '2020-01-08 02:07:08', '2020-01-08 02:09:11'),
(37, 1, 'child3', 'public/uploaded_documents/assets/assets-15784690291059.png', '1', 34, 7, 5, 179, 1, 1, '2020-01-08 02:07:09', '2020-01-08 02:07:09'),
(38, 1, 'child5', 'public/uploaded_documents/assets/assets-15784691142738.png', '0', 8, 7, NULL, NULL, 1, 1, '2020-01-08 02:08:34', '2020-01-08 02:08:34'),
(39, 1, 'Water tank', 'public/uploaded_documents/assets/assets-15785599332924.png', '0', -1, 9, 30, 177, 1, 1, '2020-01-09 03:18:31', '2020-01-09 03:25:01'),
(40, 1, 'Tank Pipe', 'public/uploaded_documents/assets/assets-15785597114001.png', '0', 39, 9, 30, 177, 1, 1, '2020-01-09 03:18:31', '2020-01-09 03:18:31'),
(41, 1, 'Tank', 'public/uploaded_documents/assets/assets-15785599331777.png', '0', 39, 9, 30, 177, 1, 1, '2020-01-09 03:18:32', '2020-01-09 03:22:13'),
(43, 1, 'Tank base', 'public/uploaded_documents/assets/assets-15785599803433.png', '0', 39, 9, 30, 177, 1, 1, '2020-01-09 03:23:00', '2020-01-09 03:23:00'),
(44, 1, 'Post office', 'public/uploaded_documents/assets/assets-15785759624459.png', '0', -1, 8, 16, 40, 1, 1, '2020-01-09 07:43:48', '2020-01-09 07:49:22'),
(45, 1, 'Rubber Stamp', 'public/uploaded_documents/assets/assets-15785756282184.png', '1', 44, 8, NULL, NULL, 1, 1, '2020-01-09 07:43:48', '2020-01-09 07:43:48'),
(46, 1, 'Envelop', '', '1', 44, 8, NULL, NULL, 1, 1, '2020-01-09 07:43:49', '2020-01-09 07:43:49'),
(48, 1, 'CT Scan', '', '0', 6, 1, NULL, NULL, 1, 1, '2020-01-14 00:41:50', '2020-01-14 00:41:50'),
(49, 1, 'MRI Machine', '', '0', 6, 1, NULL, NULL, 1, 1, '2020-01-14 00:41:50', '2020-01-14 00:41:50');

-- --------------------------------------------------------

--
-- Table structure for table `asset_block_count`
--

CREATE TABLE `asset_block_count` (
  `asset_block_count_id` int(100) NOT NULL,
  `org_id` int(100) NOT NULL DEFAULT 1,
  `asset_id` int(100) NOT NULL,
  `geo_id` int(100) NOT NULL COMMENT 'block',
  `year` varchar(10) NOT NULL,
  `count` int(100) NOT NULL,
  `created_by` int(100) NOT NULL,
  `updated_by` int(100) NOT NULL,
  `created_at` timestamp NOT NULL DEFAULT current_timestamp(),
  `updated_at` timestamp NOT NULL DEFAULT current_timestamp()
) ENGINE=InnoDB DEFAULT CHARSET=latin1;

--
-- Dumping data for table `asset_block_count`
--

INSERT INTO `asset_block_count` (`asset_block_count_id`, `org_id`, `asset_id`, `geo_id`, `year`, `count`, `created_by`, `updated_by`, `created_at`, `updated_at`) VALUES
(29, 1, 5, 12, '4', 14, 1, 1, '2020-01-14 00:31:06', '2020-01-14 05:26:59'),
(30, 1, 6, 12, '4', 2, 1, 1, '2020-01-14 00:31:56', '2020-01-14 00:31:56'),
(31, 1, 6, 10, '4', 2, 1, 1, '2020-01-14 00:48:32', '2020-01-14 00:48:32'),
(32, 1, 6, 9, '4', 2, 1, 1, '2020-01-14 00:54:43', '2020-01-14 00:54:43');

-- --------------------------------------------------------

--
-- Table structure for table `asset_cat`
--

CREATE TABLE `asset_cat` (
  `asset_cat_id` int(11) NOT NULL,
  `asset_cat_name` varchar(200) NOT NULL,
  `asset_cat_description` text NOT NULL,
  `movable` varchar(5) NOT NULL,
  `status` int(11) NOT NULL,
  `org_id` int(11) NOT NULL,
  `created_by` int(11) NOT NULL,
  `updated_by` int(11) NOT NULL,
  `created_at` timestamp NOT NULL DEFAULT current_timestamp(),
  `updated_at` timestamp NOT NULL DEFAULT current_timestamp()
) ENGINE=InnoDB DEFAULT CHARSET=utf8mb4;

--
-- Dumping data for table `asset_cat`
--

INSERT INTO `asset_cat` (`asset_cat_id`, `asset_cat_name`, `asset_cat_description`, `movable`, `status`, `org_id`, `created_by`, `updated_by`, `created_at`, `updated_at`) VALUES
(5, 'Audio Visual Equipment', '', '1', 1, 1, 1, 1, '2019-12-11 00:50:50', '2019-12-11 00:50:50'),
(6, 'Computers and Peripherals', '', '1', 1, 1, 1, 1, '2019-12-11 00:51:35', '2019-12-11 00:51:35'),
(7, 'Computer Software', '', '1', 1, 1, 1, 1, '2019-12-11 00:51:51', '2019-12-11 00:51:51'),
(8, 'Electrical Installation and Equipment', '', '1', 1, 1, 1, 1, '2019-12-11 00:52:30', '2019-12-11 00:52:30'),
(9, 'Furnitures, Fixtures, Fittings', '', '1', 1, 1, 1, 1, '2019-12-11 01:06:05', '2019-12-11 01:06:05'),
(10, 'Library books & Journals', '', '1', 1, 1, 1, 1, '2019-12-11 01:06:46', '2019-12-11 01:06:46'),
(11, 'Office Equipment', '', '1', 1, 1, 1, 1, '2019-12-11 01:07:33', '2019-12-11 01:07:33'),
(12, 'Plant & Machinery', '', '1', 1, 1, 1, 1, '2019-12-11 01:07:59', '2019-12-11 01:07:59'),
(13, 'Skill Development', '', '1', 1, 1, 1, 1, '2019-12-11 01:08:17', '2019-12-11 01:08:17'),
(14, 'Vehicles', '', '1', 1, 1, 1, 1, '2019-12-11 01:09:05', '2019-12-11 01:09:05'),
(15, 'Banking Facilities', '', '0', 1, 1, 1, 1, '2019-12-11 01:09:25', '2019-12-11 01:09:32'),
(16, 'Buildings', '', '0', 1, 1, 1, 1, '2019-12-11 01:09:47', '2019-12-11 01:09:47'),
(17, 'Education Facilities', '', '0', 1, 1, 1, 1, '2019-12-11 01:10:04', '2019-12-11 01:10:04'),
(18, 'Electrification', '', '0', 1, 1, 1, 1, '2019-12-11 01:10:28', '2019-12-11 01:10:28'),
(19, 'Irrigation Sources', '', '0', 1, 1, 1, 1, '2019-12-11 01:10:52', '2019-12-11 01:10:52'),
(20, 'Land', '', '0', 1, 1, 1, 1, '2019-12-11 01:11:05', '2019-12-11 01:11:05'),
(21, 'Medical & Health Facilities', '', '0', 1, 1, 1, 1, '2019-12-11 01:11:32', '2019-12-11 01:11:32'),
(22, 'Other Public/Social', '', '0', 1, 1, 1, 1, '2019-12-11 01:12:02', '2019-12-11 01:12:02'),
(23, 'Others', '', '0', 1, 1, 1, 1, '2019-12-11 01:12:13', '2019-12-11 01:12:13'),
(24, 'Panchayat Trees & Plantation', '', '0', 1, 1, 1, 1, '2019-12-11 01:12:44', '2019-12-11 01:12:44'),
(25, 'Pond & Reservoir', '', '0', 1, 1, 1, 1, '2019-12-11 01:13:40', '2019-12-11 01:13:40'),
(26, 'Recreational Facilities', '', '0', 1, 1, 1, 1, '2019-12-11 01:14:56', '2019-12-11 01:14:56'),
(27, 'Roads, Bridges & Culverts', '', '0', 1, 1, 1, 1, '2019-12-11 01:15:34', '2019-12-11 01:15:34'),
(28, 'Sanitation & Sewerage Facilities', '', '0', 1, 1, 1, 1, '2019-12-11 01:16:06', '2019-12-11 01:16:06'),
(29, 'Transport', '', '0', 1, 1, 1, 1, '2019-12-11 01:16:26', '2019-12-11 01:16:26'),
(30, 'Water Sources & Structures', '', '0', 1, 1, 1, 1, '2019-12-11 01:16:54', '2019-12-11 01:16:54');

-- --------------------------------------------------------

--
-- Table structure for table `asset_gallery`
--

CREATE TABLE `asset_gallery` (
  `asset_gallery_id` int(11) NOT NULL,
  `asset_id` int(11) NOT NULL,
  `asset_geo_loc_id` int(50) DEFAULT NULL,
  `geo_id` int(11) NOT NULL COMMENT 'panchayat',
  `year_id` int(11) NOT NULL,
  `org_id` int(11) NOT NULL,
  `images` text NOT NULL COMMENT 'serialized array',
  `created_by` int(11) NOT NULL,
  `updated_by` int(11) NOT NULL,
  `created_at` timestamp NOT NULL DEFAULT current_timestamp(),
  `updated_at` timestamp NOT NULL DEFAULT current_timestamp()
) ENGINE=InnoDB DEFAULT CHARSET=utf8mb4;

-- --------------------------------------------------------

--
-- Table structure for table `asset_geo_location`
--

CREATE TABLE `asset_geo_location` (
  `asset_geo_loc_id` int(100) NOT NULL,
  `asset_id` int(100) NOT NULL,
  `geo_id` int(100) NOT NULL COMMENT 'panchayats',
  `location_name` varchar(100) NOT NULL,
  `latitude` varchar(100) NOT NULL,
  `longitude` varchar(100) NOT NULL,
  `org_id` int(100) NOT NULL DEFAULT 1,
  `year` int(100) NOT NULL,
  `created_by` int(100) NOT NULL,
  `updated_by` int(100) NOT NULL,
  `created_at` timestamp NOT NULL DEFAULT current_timestamp(),
  `updated_at` timestamp NOT NULL DEFAULT current_timestamp()
) ENGINE=InnoDB DEFAULT CHARSET=latin1;

--
-- Dumping data for table `asset_geo_location`
--

INSERT INTO `asset_geo_location` (`asset_geo_loc_id`, `asset_id`, `geo_id`, `location_name`, `latitude`, `longitude`, `org_id`, `year`, `created_by`, `updated_by`, `created_at`, `updated_at`) VALUES
(41, 6, 68, 'Opposite SBI', '22.797757', '86.135284', 1, 4, 1, 1, '2020-01-14 00:31:56', '2020-01-14 00:31:56'),
(42, 6, 68, 'Near Main Road', '22.797983', '86.134458', 1, 4, 1, 1, '2020-01-14 00:31:56', '2020-01-14 00:31:56'),
(43, 6, 95, 'Near Something', '22.797355', '86.133877', 1, 4, 1, 1, '2020-01-14 00:48:32', '2020-01-14 00:48:32'),
(44, 6, 95, 'Test landmark', '22.798033', '86.133179', 1, 4, 1, 1, '2020-01-14 00:48:32', '2020-01-14 00:48:32'),
(45, 6, 148, 'Landmark 1', '22.798708', '86.133209', 1, 4, 1, 1, '2020-01-14 00:54:43', '2020-01-14 00:54:43'),
(46, 6, 148, 'landmark 2', '22.799193', '86.134050', 1, 4, 1, 1, '2020-01-14 00:54:43', '2020-01-14 00:54:43');

-- --------------------------------------------------------

--
-- Table structure for table `asset_numbers`
--

CREATE TABLE `asset_numbers` (
  `asset_numbers_id` int(100) NOT NULL,
  `asset_id` int(100) NOT NULL,
  `asset_geo_loc_id` int(50) DEFAULT NULL,
  `geo_id` int(100) NOT NULL,
  `pre_value` int(100) NOT NULL DEFAULT 0,
  `current_value` int(100) NOT NULL DEFAULT 0,
  `year` varchar(100) NOT NULL,
  `org_id` int(100) NOT NULL DEFAULT 1,
  `created_by` int(100) NOT NULL,
  `updated_by` int(100) DEFAULT NULL,
  `created_at` timestamp NOT NULL DEFAULT current_timestamp(),
  `updated_at` timestamp NOT NULL DEFAULT current_timestamp()
) ENGINE=InnoDB DEFAULT CHARSET=latin1;

--
-- Dumping data for table `asset_numbers`
--

INSERT INTO `asset_numbers` (`asset_numbers_id`, `asset_id`, `asset_geo_loc_id`, `geo_id`, `pre_value`, `current_value`, `year`, `org_id`, `created_by`, `updated_by`, `created_at`, `updated_at`) VALUES
(6, 5, NULL, 68, 14, 14, '4', 1, 1, 1, '2020-01-14 00:31:06', '2020-01-14 05:26:59'),
(7, 6, NULL, 68, 0, 2, '4', 1, 1, 1, '2020-01-14 00:31:56', '2020-01-14 00:31:56'),
(8, 48, 42, 68, 20, 20, '4', 1, 1, 1, '2020-01-14 00:45:57', '2020-01-14 00:46:13'),
(9, 49, 42, 68, 50, 50, '4', 1, 1, 1, '2020-01-14 00:45:57', '2020-01-14 00:46:24'),
(10, 48, 41, 68, 11, 11, '4', 1, 1, 1, '2020-01-14 00:46:35', '2020-01-14 04:14:35'),
(11, 49, 41, 68, 12, 12, '4', 1, 1, 1, '2020-01-14 00:46:35', '2020-01-14 04:14:35'),
(12, 6, NULL, 95, 0, 2, '4', 1, 1, 1, '2020-01-14 00:48:32', '2020-01-14 00:48:32'),
(13, 48, 44, 95, 10, 10, '4', 1, 1, 1, '2020-01-14 00:48:41', '2020-01-14 00:49:03'),
(14, 49, 44, 95, 0, 0, '4', 1, 1, 1, '2020-01-14 00:48:41', '2020-01-14 00:48:41'),
(15, 6, NULL, 148, 0, 2, '4', 1, 1, 1, '2020-01-14 00:54:43', '2020-01-14 00:54:43'),
(16, 48, 46, 148, 25, 25, '4', 1, 1, 1, '2020-01-14 00:55:01', '2020-01-14 00:55:01'),
(17, 49, 46, 148, 0, 0, '4', 1, 1, 1, '2020-01-14 00:55:01', '2020-01-14 00:55:01'),
(18, 6, NULL, 54, 110, 210, '3', 1, 12, NULL, '2020-01-16 01:17:15', '2020-01-16 01:17:15');

-- --------------------------------------------------------

--
-- Table structure for table `asset_subcat`
--

CREATE TABLE `asset_subcat` (
  `asset_sub_id` int(11) NOT NULL,
  `asset_cat_id` int(11) NOT NULL,
  `asset_sub_cat_name` varchar(200) NOT NULL,
  `asset_sub_cat_description` text NOT NULL,
  `status` int(11) NOT NULL,
  `org_id` int(11) NOT NULL,
  `created_by` int(11) NOT NULL,
  `updated_by` int(11) NOT NULL,
  `created_at` timestamp NOT NULL DEFAULT current_timestamp(),
  `updated_at` timestamp NOT NULL DEFAULT current_timestamp()
) ENGINE=InnoDB DEFAULT CHARSET=utf8mb4;

--
-- Dumping data for table `asset_subcat`
--

INSERT INTO `asset_subcat` (`asset_sub_id`, `asset_cat_id`, `asset_sub_cat_name`, `asset_sub_cat_description`, `status`, `org_id`, `created_by`, `updated_by`, `created_at`, `updated_at`) VALUES
(4, 15, 'ATM', '', 1, 1, 1, 1, '2019-12-11 01:24:20', '2019-12-11 01:24:20'),
(5, 15, 'Bank', '', 1, 1, 1, 1, '2019-12-11 01:26:02', '2019-12-11 01:26:02'),
(6, 15, 'Other Financial Institutions', '', 1, 1, 1, 1, '2019-12-11 01:26:29', '2019-12-11 01:26:29'),
(7, 16, 'Agricultural Centres', '', 1, 1, 1, 1, '2019-12-11 01:27:52', '2019-12-11 01:27:52'),
(8, 16, 'Bharat Nirman Rajiv Gandhi Seva Kendra', '', 1, 1, 1, 1, '2019-12-11 01:28:27', '2019-12-11 01:28:27'),
(9, 16, 'Boundary wall / Side Wall / Retaining Wall', '', 1, 1, 1, 1, '2019-12-11 01:29:43', '2019-12-11 01:29:43'),
(10, 16, 'Cattle Troughs', '', 1, 1, 1, 1, '2019-12-11 01:30:05', '2019-12-11 01:30:05'),
(11, 16, 'Chaupal', '', 1, 1, 1, 1, '2019-12-11 01:30:23', '2019-12-11 01:30:23'),
(12, 16, 'Commercial Complexes', '', 1, 1, 1, 1, '2019-12-11 01:30:48', '2019-12-11 01:30:48'),
(13, 16, 'Computer Centre', '', 1, 1, 1, 1, '2019-12-11 01:31:08', '2019-12-11 01:31:08'),
(14, 16, 'CSC (Common Service Centre)', '', 1, 1, 1, 1, '2019-12-11 01:31:48', '2019-12-11 01:31:48'),
(15, 16, 'Cultural Stage', '', 1, 1, 1, 1, '2019-12-11 01:32:11', '2019-12-11 01:32:11'),
(16, 16, 'Day Care Centre', '', 1, 1, 1, 1, '2019-12-11 01:32:30', '2019-12-11 01:32:30'),
(17, 16, 'Disaster Shelter', '', 1, 1, 1, 1, '2019-12-11 01:32:54', '2019-12-11 01:32:54'),
(18, 16, 'DWCRA', '', 1, 1, 1, 1, '2019-12-11 01:33:20', '2019-12-11 01:33:20'),
(19, 16, 'Fire Station', '', 1, 1, 1, 1, '2019-12-11 01:33:46', '2019-12-11 01:33:46'),
(20, 16, 'Fuel Depot', '', 1, 1, 1, 1, '2019-12-11 01:34:08', '2019-12-11 01:34:08'),
(21, 16, 'Godown and Stores', '', 1, 1, 1, 1, '2019-12-11 01:34:25', '2019-12-11 01:34:25'),
(22, 16, 'Government Sponsored Houses', '', 1, 1, 1, 1, '2019-12-11 01:34:45', '2019-12-11 01:34:45'),
(23, 16, 'Gram Sachivalaya', '', 1, 1, 1, 1, '2019-12-11 01:35:02', '2019-12-11 01:35:02'),
(24, 16, 'Guest House', '', 1, 1, 1, 1, '2019-12-11 01:35:16', '2019-12-11 01:35:16'),
(25, 16, 'Hostel Buildings', '', 1, 1, 1, 1, '2019-12-11 01:35:58', '2019-12-11 01:35:58'),
(26, 16, 'IKP Buildings', '', 1, 1, 1, 1, '2019-12-11 01:36:33', '2019-12-11 01:36:33'),
(27, 16, 'Mahila Mandals', '', 1, 1, 1, 1, '2019-12-11 01:36:48', '2019-12-11 01:36:48'),
(28, 16, 'Market Yards/ Vending Zone', '', 1, 1, 1, 1, '2019-12-11 01:37:24', '2019-12-11 01:37:24'),
(29, 16, 'Milk Center', '', 1, 1, 1, 1, '2019-12-11 01:37:41', '2019-12-11 01:37:41'),
(30, 16, 'Minority Buildings', '', 1, 1, 1, 1, '2019-12-11 01:37:58', '2019-12-11 01:37:58'),
(31, 16, 'Night Shelter', '', 1, 1, 1, 1, '2019-12-11 01:38:15', '2019-12-11 01:38:15'),
(32, 16, 'Observation Station', '', 1, 1, 1, 1, '2019-12-11 01:38:34', '2019-12-11 01:38:34'),
(33, 16, 'Office Building', '', 1, 1, 1, 1, '2019-12-11 01:38:50', '2019-12-11 01:38:50'),
(34, 16, 'Old Aged Home', '', 1, 1, 1, 1, '2019-12-11 01:39:06', '2019-12-11 01:39:06'),
(35, 16, 'Orphanage / Child Adoption Centre', '', 1, 1, 1, 1, '2019-12-11 01:39:25', '2019-12-11 01:39:25'),
(36, 16, 'Panchayat Bhawan', '', 1, 1, 1, 1, '2019-12-11 01:39:43', '2019-12-11 01:39:43'),
(37, 16, 'Panchayat Resource Centre', '', 1, 1, 1, 1, '2019-12-11 01:40:01', '2019-12-11 01:40:01'),
(38, 16, 'PDS / Ration Shops', '', 1, 1, 1, 1, '2019-12-11 01:40:18', '2019-12-11 01:40:18'),
(39, 16, 'Police Station', '', 1, 1, 1, 1, '2019-12-11 01:40:36', '2019-12-11 01:40:36'),
(40, 16, 'Postal facilities', '', 1, 1, 1, 1, '2019-12-11 01:40:53', '2019-12-11 01:40:53'),
(41, 16, 'Religious Structures', '', 1, 1, 1, 1, '2019-12-11 01:41:09', '2019-12-11 01:41:09'),
(42, 16, 'Residential Buildings', '', 1, 1, 1, 1, '2019-12-11 01:41:26', '2019-12-11 01:41:26'),
(43, 16, 'Roof Construction for SWPC', '', 1, 1, 1, 1, '2019-12-11 01:41:43', '2019-12-11 01:41:43'),
(44, 16, 'Sheds', '', 1, 1, 1, 1, '2019-12-11 01:41:57', '2019-12-11 01:41:57'),
(45, 16, 'Shelter Home', '', 1, 1, 1, 1, '2019-12-11 01:42:11', '2019-12-11 01:42:11'),
(46, 16, 'Shops', '', 1, 1, 1, 1, '2019-12-11 01:42:26', '2019-12-11 01:42:26'),
(47, 16, 'Shree Shakti Bhavan', '', 1, 1, 1, 1, '2019-12-11 01:42:42', '2019-12-11 01:42:42'),
(48, 16, 'Slaughter House', '', 1, 1, 1, 1, '2019-12-11 01:42:56', '2019-12-11 01:42:56'),
(49, 16, 'Store Room', '', 1, 1, 1, 1, '2019-12-11 01:43:11', '2019-12-11 01:43:11'),
(50, 16, 'Telecom facilities', '', 1, 1, 1, 1, '2019-12-11 01:43:27', '2019-12-11 01:43:27'),
(51, 16, 'Threshing Ground', '', 1, 1, 1, 1, '2019-12-11 01:43:42', '2019-12-11 01:43:42'),
(52, 16, 'Weathering Course', '', 1, 1, 1, 1, '2019-12-11 01:43:58', '2019-12-11 01:43:58'),
(53, 16, 'Workshop', '', 1, 1, 1, 1, '2019-12-11 01:44:13', '2019-12-11 01:44:13'),
(54, 17, 'College', '', 1, 1, 1, 1, '2019-12-11 01:44:36', '2019-12-11 01:44:36'),
(55, 17, 'Distance Learning Centre', '', 1, 1, 1, 1, '2019-12-11 01:44:52', '2019-12-11 01:44:52'),
(56, 17, 'District Training Centre', '', 1, 1, 1, 1, '2019-12-11 01:45:08', '2019-12-11 01:45:08'),
(57, 17, 'Library Building', '', 1, 1, 1, 1, '2019-12-11 01:45:24', '2019-12-11 01:45:24'),
(58, 17, 'Schools', '', 1, 1, 1, 1, '2019-12-11 01:45:38', '2019-12-11 01:45:38'),
(59, 17, 'University', '', 1, 1, 1, 1, '2019-12-11 01:45:55', '2019-12-11 01:45:55'),
(60, 18, 'Building Electrification', '', 1, 1, 1, 1, '2019-12-11 01:46:24', '2019-12-11 01:46:24'),
(61, 18, 'Power Station', '', 1, 1, 1, 1, '2019-12-11 01:46:43', '2019-12-11 01:46:43'),
(62, 18, 'Street Light', '', 1, 1, 1, 1, '2019-12-11 01:46:59', '2019-12-11 01:46:59'),
(63, 18, 'Sub Station', '', 1, 1, 1, 1, '2019-12-11 01:47:26', '2019-12-11 01:47:26'),
(64, 18, 'Transformer', '', 1, 1, 1, 1, '2019-12-11 01:47:43', '2019-12-11 01:47:43'),
(65, 19, 'Canals', '', 1, 1, 1, 1, '2019-12-11 01:48:08', '2019-12-11 01:48:08'),
(66, 19, 'Minor Irrigation Structures', '', 1, 1, 1, 1, '2019-12-11 01:48:24', '2019-12-11 01:48:24'),
(67, 19, 'Spring Box', '', 1, 1, 1, 1, '2019-12-11 01:48:41', '2019-12-11 01:48:41'),
(68, 20, 'Agricultural Land', '', 1, 1, 1, 1, '2019-12-11 01:49:00', '2019-12-11 01:49:00'),
(69, 20, 'Grassland', '', 1, 1, 1, 1, '2019-12-11 01:49:14', '2019-12-11 01:49:14'),
(70, 20, 'Mine / Quarry', '', 1, 1, 1, 1, '2019-12-11 01:49:30', '2019-12-11 01:49:30'),
(71, 20, 'Wasteland', '', 1, 1, 1, 1, '2019-12-11 01:49:44', '2019-12-11 01:49:44'),
(72, 21, 'Aanganwadi', '', 1, 1, 1, 1, '2019-12-11 01:50:25', '2019-12-11 01:50:25'),
(73, 21, 'Health Centres', '', 1, 1, 1, 1, '2019-12-11 01:50:43', '2019-12-11 01:50:43'),
(74, 21, 'Supplementary Nutrition', '', 1, 1, 1, 1, '2019-12-11 01:51:00', '2019-12-11 01:51:00'),
(75, 21, 'Veterinary Centers', '', 1, 1, 1, 1, '2019-12-11 01:51:15', '2019-12-11 01:51:15'),
(76, 21, 'Women and Child Centres', '', 1, 1, 1, 1, '2019-12-11 01:51:32', '2019-12-11 01:51:32'),
(77, 22, 'Bathing Ghat', '', 1, 1, 1, 1, '2019-12-11 01:53:28', '2019-12-11 01:53:28'),
(78, 22, 'Cattle Tub', '', 1, 1, 1, 1, '2019-12-11 01:53:46', '2019-12-11 01:53:46'),
(79, 22, 'Cremation Ground/Graveyard', '', 1, 1, 1, 1, '2019-12-11 01:54:04', '2019-12-11 01:54:04'),
(80, 22, 'Dhobhighat', '', 1, 1, 1, 1, '2019-12-11 01:54:20', '2019-12-11 01:54:20'),
(81, 22, 'Other Public / Social Service Centre', '', 1, 1, 1, 1, '2019-12-11 01:54:36', '2019-12-11 01:54:36'),
(82, 24, 'Other Commercial Plantation', '', 1, 1, 1, 1, '2019-12-11 01:55:30', '2019-12-11 01:55:30'),
(83, 24, 'Panchayat Estates', '', 1, 1, 1, 1, '2019-12-11 01:55:53', '2019-12-11 01:55:53'),
(84, 24, 'Panchayat Trees', '', 1, 1, 1, 1, '2019-12-11 01:56:14', '2019-12-11 01:56:14'),
(85, 23, 'Additional Rooms', '', 1, 1, 1, 1, '2019-12-11 01:56:36', '2019-12-11 01:56:36'),
(86, 23, 'Consumables', '', 1, 1, 1, 1, '2019-12-11 01:59:12', '2019-12-11 01:59:12'),
(87, 23, 'Cremation Ground / Graveyard', '', 1, 1, 1, 1, '2019-12-11 01:59:28', '2019-12-11 01:59:28'),
(88, 23, 'Electrical Equipment', '', 1, 1, 1, 1, '2019-12-11 02:00:03', '2019-12-11 02:00:03'),
(89, 23, 'Electrification', '', 1, 1, 1, 1, '2019-12-11 02:00:19', '2019-12-11 02:00:19'),
(90, 23, 'Frames', '', 1, 1, 1, 1, '2019-12-11 02:00:32', '2019-12-11 02:00:32'),
(91, 23, 'Heavy Vehicles', '', 1, 1, 1, 1, '2019-12-11 02:00:47', '2019-12-11 02:00:47'),
(92, 23, 'Helpline Centre', '', 1, 1, 1, 1, '2019-12-11 02:01:04', '2019-12-11 02:01:04'),
(93, 23, 'IT Connectivity to Panchayats', '', 1, 1, 1, 1, '2019-12-11 02:01:19', '2019-12-11 02:01:19'),
(94, 23, 'Light Vehicles', '', 1, 1, 1, 1, '2019-12-11 02:01:34', '2019-12-11 02:01:34'),
(95, 23, 'Office Infrastructure', '', 1, 1, 1, 1, '2019-12-11 02:01:50', '2019-12-11 02:01:50'),
(96, 23, 'Other Equipment', '', 1, 1, 1, 1, '2019-12-11 02:02:06', '2019-12-11 02:02:06'),
(97, 23, 'Platforms', '', 1, 1, 1, 1, '2019-12-11 02:02:24', '2019-12-11 02:02:24'),
(98, 23, 'Polyclinics', '', 1, 1, 1, 1, '2019-12-11 02:02:38', '2019-12-11 02:02:38'),
(99, 23, 'Public Convenience', '', 1, 1, 1, 1, '2019-12-11 02:02:52', '2019-12-11 02:02:52'),
(100, 23, 'Public Health Equipment', '', 1, 1, 1, 1, '2019-12-11 02:03:06', '2019-12-11 02:03:06'),
(101, 23, 'Pucca Road', '', 1, 1, 1, 1, '2019-12-11 02:03:20', '2019-12-11 02:03:20'),
(102, 23, 'ROT - Receive Only Terminal', '', 1, 1, 1, 1, '2019-12-11 02:03:52', '2019-12-11 02:03:52'),
(103, 23, 'School Equipment', '', 1, 1, 1, 1, '2019-12-11 02:04:08', '2019-12-11 02:04:08'),
(104, 23, 'SIT - Satellite Interactive Terminal', '', 1, 1, 1, 1, '2019-12-11 02:04:25', '2019-12-11 02:04:25'),
(105, 23, 'Soil Conservation System', '', 1, 1, 1, 1, '2019-12-11 02:04:41', '2019-12-11 02:04:41'),
(106, 23, 'Valve', '', 1, 1, 1, 1, '2019-12-11 02:04:54', '2019-12-11 02:04:54'),
(107, 23, 'Weather Proof Service Connection upto 35 Km-Services including cash/deposit', '', 1, 1, 1, 1, '2019-12-11 02:05:10', '2019-12-11 02:05:10'),
(108, 26, 'Auditorium', '', 1, 1, 1, 1, '2019-12-11 02:16:16', '2019-12-11 02:16:16'),
(109, 26, 'Cinema / Video hall', '', 1, 1, 1, 1, '2019-12-11 02:16:42', '2019-12-11 02:16:42'),
(110, 26, 'Furniture &amp; Play material for Anganwadi centers', '', 1, 1, 1, 1, '2019-12-11 02:17:03', '2019-12-11 02:17:03'),
(111, 26, 'Marriage / Community Hall', '', 1, 1, 1, 1, '2019-12-11 02:17:23', '2019-12-11 02:17:23'),
(112, 26, 'Play Ground / Park', '', 1, 1, 1, 1, '2019-12-11 02:17:44', '2019-12-11 02:17:44'),
(113, 26, 'Stadium / Sports Club', '', 1, 1, 1, 1, '2019-12-11 02:18:04', '2019-12-11 02:18:04'),
(114, 26, 'Tourist places', '', 1, 1, 1, 1, '2019-12-11 02:18:21', '2019-12-11 02:18:21'),
(115, 26, 'Youth Club Buildings', '', 1, 1, 1, 1, '2019-12-11 02:18:40', '2019-12-11 02:18:40'),
(116, 27, 'Approach Road', '', 1, 1, 1, 1, '2019-12-11 02:19:05', '2019-12-11 02:19:05'),
(117, 27, 'Bridge', '', 1, 1, 1, 1, '2019-12-11 02:19:23', '2019-12-11 02:19:23'),
(118, 27, 'Culvert', '', 1, 1, 1, 1, '2019-12-11 02:19:45', '2019-12-11 02:19:45'),
(119, 27, 'Fly over', '', 1, 1, 1, 1, '2019-12-11 02:20:04', '2019-12-11 02:20:04'),
(120, 27, 'Foot Bridge', '', 1, 1, 1, 1, '2019-12-11 02:20:24', '2019-12-11 02:20:24'),
(121, 27, 'Metal Road', '', 1, 1, 1, 1, '2019-12-11 02:20:41', '2019-12-11 02:20:41'),
(122, 27, 'National Highway', '', 1, 1, 1, 1, '2019-12-11 02:20:58', '2019-12-11 02:20:58'),
(123, 27, 'Other PWD Roads', '', 1, 1, 1, 1, '2019-12-11 02:21:18', '2019-12-11 02:21:18'),
(124, 27, 'Pavement', '', 1, 1, 1, 1, '2019-12-11 02:21:34', '2019-12-11 02:21:34'),
(125, 27, 'Rural Road BT', '', 1, 1, 1, 1, '2019-12-11 02:22:10', '2019-12-11 02:22:10'),
(126, 27, 'Rural Road CC', '', 1, 1, 1, 1, '2019-12-11 02:22:31', '2019-12-11 02:22:31'),
(127, 27, 'State Highway', '', 1, 1, 1, 1, '2019-12-11 02:22:48', '2019-12-11 02:22:48'),
(128, 27, 'Submersible Bridge', '', 1, 1, 1, 1, '2019-12-11 02:23:05', '2019-12-11 02:23:05'),
(129, 27, 'Subway / Underpass', '', 1, 1, 1, 1, '2019-12-11 02:23:21', '2019-12-11 02:23:21'),
(130, 27, 'Tracks and Foot Path', '', 1, 1, 1, 1, '2019-12-11 02:23:36', '2019-12-11 02:23:36'),
(131, 27, 'Unmetalled / Kachcha Road', '', 1, 1, 1, 1, '2019-12-11 02:23:53', '2019-12-11 02:23:53'),
(132, 27, 'Urban Road', '', 1, 1, 1, 1, '2019-12-11 02:24:11', '2019-12-11 02:24:11'),
(133, 27, 'Vented Crossway', '', 1, 1, 1, 1, '2019-12-11 02:24:26', '2019-12-11 02:24:26'),
(134, 28, 'Bathroom', '', 1, 1, 1, 1, '2019-12-11 02:24:50', '2019-12-11 02:24:50'),
(135, 28, 'Drainage', '', 1, 1, 1, 1, '2019-12-11 02:25:03', '2019-12-11 02:25:03'),
(136, 28, 'Garbage Container', '', 1, 1, 1, 1, '2019-12-11 02:25:22', '2019-12-11 02:25:22'),
(137, 28, 'Garbage Disposal Sites', '', 1, 1, 1, 1, '2019-12-11 02:25:38', '2019-12-11 02:25:38'),
(138, 28, 'Garbage Transportation', '', 1, 1, 1, 1, '2019-12-11 02:25:54', '2019-12-11 02:25:54'),
(139, 28, 'Garbage Treatment Units', '', 1, 1, 1, 1, '2019-12-11 02:26:11', '2019-12-11 02:26:11'),
(140, 28, 'Glass pulvoriser', '', 1, 1, 1, 1, '2019-12-11 02:26:26', '2019-12-11 02:26:26'),
(141, 28, 'Incinerator', '', 1, 1, 1, 1, '2019-12-11 02:26:43', '2019-12-11 02:26:43'),
(142, 28, 'Other Sanitation Asset', '', 1, 1, 1, 1, '2019-12-11 02:27:01', '2019-12-11 02:27:01'),
(143, 28, 'Plastic shredder', '', 1, 1, 1, 1, '2019-12-11 02:27:14', '2019-12-11 02:27:14'),
(144, 28, 'Purchase of Public Health Material', '', 1, 1, 1, 1, '2019-12-11 02:27:34', '2019-12-11 02:27:34'),
(145, 28, 'Safety and Sanitary Kits', '', 1, 1, 1, 1, '2019-12-11 02:27:58', '2019-12-11 02:27:58'),
(146, 28, 'Sanitation Tools', '', 1, 1, 1, 1, '2019-12-11 02:28:16', '2019-12-11 02:28:16'),
(147, 28, 'Septic Tank', '', 1, 1, 1, 1, '2019-12-11 02:28:34', '2019-12-11 02:28:34'),
(148, 28, 'Sewage Treatment Plant', '', 1, 1, 1, 1, '2019-12-11 02:28:48', '2019-12-11 02:28:48'),
(149, 28, 'Sewer Line', '', 1, 1, 1, 1, '2019-12-11 02:29:05', '2019-12-11 02:29:05'),
(150, 28, 'Tipper / Tractor / Battery Vehicles', '', 1, 1, 1, 1, '2019-12-11 02:29:23', '2019-12-11 02:29:23'),
(151, 28, 'Toilet', '', 1, 1, 1, 1, '2019-12-11 02:29:37', '2019-12-11 02:29:37'),
(152, 28, 'Tri-cycle', '', 1, 1, 1, 1, '2019-12-11 02:29:52', '2019-12-11 02:29:52'),
(153, 28, 'Vehicles for Garbage transport', '', 1, 1, 1, 1, '2019-12-11 02:30:10', '2019-12-11 02:30:10'),
(154, 29, 'Airport / Airstrip / Helipad', '', 1, 1, 1, 1, '2019-12-11 02:30:28', '2019-12-11 02:30:28'),
(155, 29, 'Bus Depot', '', 1, 1, 1, 1, '2019-12-11 02:30:43', '2019-12-11 02:30:43'),
(156, 29, 'Bus Shelter', '', 1, 1, 1, 1, '2019-12-11 02:31:04', '2019-12-11 02:31:04'),
(157, 29, 'Bus Stop', '', 1, 1, 1, 1, '2019-12-11 02:31:19', '2019-12-11 02:31:19'),
(158, 29, 'Checkpost', '', 1, 1, 1, 1, '2019-12-11 02:31:33', '2019-12-11 02:31:33'),
(159, 29, 'Jetty / Ferry Station', '', 1, 1, 1, 1, '2019-12-11 02:31:51', '2019-12-11 02:31:51'),
(160, 29, 'Parking Area', '', 1, 1, 1, 1, '2019-12-11 02:32:05', '2019-12-11 02:32:05'),
(161, 29, 'Railway Structures', '', 1, 1, 1, 1, '2019-12-11 02:32:19', '2019-12-11 02:32:19'),
(162, 29, 'Taxi/Auto Stand', '', 1, 1, 1, 1, '2019-12-11 02:32:34', '2019-12-11 02:32:34'),
(163, 29, 'Waterway', '', 1, 1, 1, 1, '2019-12-11 02:32:48', '2019-12-11 02:32:48'),
(164, 30, 'Barrage/Weir/Anicut', '', 1, 1, 1, 1, '2019-12-11 02:33:13', '2019-12-11 02:33:13'),
(165, 30, 'Borewell', '', 1, 1, 1, 1, '2019-12-11 02:33:26', '2019-12-11 02:33:26'),
(166, 30, 'Checkdam', '', 1, 1, 1, 1, '2019-12-11 02:33:38', '2019-12-11 02:33:38'),
(167, 30, 'Dam', '', 1, 1, 1, 1, '2019-12-11 02:33:51', '2019-12-11 02:33:51'),
(168, 30, 'Hand pump', '', 1, 1, 1, 1, '2019-12-11 02:34:08', '2019-12-11 02:34:08'),
(169, 30, 'Overhead Tank', '', 1, 1, 1, 1, '2019-12-11 02:34:27', '2019-12-11 02:34:27'),
(170, 30, 'Public Taps', '', 1, 1, 1, 1, '2019-12-11 02:34:45', '2019-12-11 02:34:45'),
(171, 30, 'Pump', '', 1, 1, 1, 1, '2019-12-11 02:34:58', '2019-12-11 02:34:58'),
(172, 30, 'Pump Houses', '', 1, 1, 1, 1, '2019-12-11 02:35:17', '2019-12-11 02:35:17'),
(173, 30, 'Rain Water Harvest Tank', '', 1, 1, 1, 1, '2019-12-11 02:35:32', '2019-12-11 02:35:32'),
(174, 30, 'Underground Pipe', '', 1, 1, 1, 1, '2019-12-11 02:35:49', '2019-12-11 02:35:49'),
(175, 30, 'Water Purification System', '', 1, 1, 1, 1, '2019-12-11 02:36:04', '2019-12-11 02:36:04'),
(176, 30, 'Water supply pipe line', '', 1, 1, 1, 1, '2019-12-11 02:36:19', '2019-12-11 02:36:19'),
(177, 30, 'Water Tank', '', 1, 1, 1, 1, '2019-12-11 02:36:36', '2019-12-11 02:36:36'),
(178, 30, 'Well', '', 1, 1, 1, 1, '2019-12-11 02:36:48', '2019-12-11 02:36:48'),
(179, 5, 'Camera', '', 1, 1, 1, 1, '2019-12-11 02:56:26', '2019-12-11 02:56:26'),
(180, 5, 'DVD/VCD/VCR/VCP Player', '', 1, 1, 1, 1, '2019-12-11 02:57:30', '2019-12-11 02:57:30'),
(181, 5, 'Music System/Tape recorder', '', 1, 1, 1, 1, '2019-12-11 02:57:48', '2019-12-11 02:57:48'),
(182, 5, 'Projectors', '', 1, 1, 1, 1, '2019-12-11 02:58:02', '2019-12-11 02:58:02'),
(183, 5, 'Public Address System', '', 1, 1, 1, 1, '2019-12-11 02:58:19', '2019-12-11 02:58:19'),
(184, 5, 'Television Set', '', 1, 1, 1, 1, '2019-12-11 02:58:32', '2019-12-11 02:58:32'),
(185, 6, 'Computer modem', '', 1, 1, 1, 1, '2019-12-11 02:59:04', '2019-12-11 02:59:04'),
(186, 6, 'Desktop Computers', '', 1, 1, 1, 1, '2019-12-11 02:59:19', '2019-12-11 02:59:19'),
(187, 6, 'Hub', '', 1, 1, 1, 1, '2019-12-11 02:59:32', '2019-12-11 02:59:32'),
(188, 6, 'Laptop', '', 1, 1, 1, 1, '2019-12-11 02:59:44', '2019-12-11 02:59:44'),
(189, 6, 'LCD Projectors', '', 1, 1, 1, 1, '2019-12-11 03:00:02', '2019-12-11 03:00:02'),
(190, 6, 'Network Cables', '', 1, 1, 1, 1, '2019-12-11 03:00:18', '2019-12-11 03:00:18'),
(191, 6, 'Printers', '', 1, 1, 1, 1, '2019-12-11 03:00:36', '2019-12-11 03:00:36'),
(192, 6, 'Routers', '', 1, 1, 1, 1, '2019-12-11 03:00:47', '2019-12-11 03:00:47'),
(193, 6, 'Scanners', '', 1, 1, 1, 1, '2019-12-11 03:01:02', '2019-12-11 03:01:02'),
(194, 6, 'Server', '', 1, 1, 1, 1, '2019-12-11 03:01:14', '2019-12-11 03:01:14'),
(195, 6, 'Switch Board', '', 1, 1, 1, 1, '2019-12-11 03:01:28', '2019-12-11 03:01:28'),
(196, 6, 'UPS', '', 1, 1, 1, 1, '2019-12-11 03:01:40', '2019-12-11 03:01:40'),
(197, 6, 'WebCam', '', 1, 1, 1, 1, '2019-12-11 03:01:55', '2019-12-11 03:01:55'),
(198, 6, 'Work Stations', '', 1, 1, 1, 1, '2019-12-11 03:02:10', '2019-12-11 03:02:10'),
(199, 8, 'Desert coolers', '', 1, 1, 1, 1, '2019-12-11 03:09:17', '2019-12-11 03:09:17'),
(200, 8, 'Dish antenna', '', 1, 1, 1, 1, '2019-12-11 03:09:37', '2019-12-11 03:09:37'),
(201, 8, 'Electric Motor', '', 1, 1, 1, 1, '2019-12-11 03:09:54', '2019-12-11 03:09:54'),
(202, 8, 'Fans', '', 1, 1, 1, 1, '2019-12-11 03:10:25', '2019-12-11 03:10:25'),
(203, 8, 'Generators', '', 1, 1, 1, 1, '2019-12-11 03:10:41', '2019-12-11 03:10:41'),
(204, 8, 'Heaters', '', 1, 1, 1, 1, '2019-12-11 03:10:58', '2019-12-11 03:10:58'),
(205, 8, 'Hotcases', '', 1, 1, 1, 1, '2019-12-11 03:11:13', '2019-12-11 03:11:13'),
(206, 8, 'Invertors', '', 1, 1, 1, 1, '2019-12-11 03:11:25', '2019-12-11 03:11:25'),
(207, 8, 'Lawn mowers', '', 1, 1, 1, 1, '2019-12-11 03:11:59', '2019-12-11 03:11:59'),
(208, 8, 'Refrigerators', '', 1, 1, 1, 1, '2019-12-11 03:12:11', '2019-12-11 03:12:11'),
(209, 8, 'Room air conditioners', '', 1, 1, 1, 1, '2019-12-11 03:12:25', '2019-12-11 03:12:25'),
(210, 8, 'Vacuum cleaners', '', 1, 1, 1, 1, '2019-12-11 03:12:41', '2019-12-11 03:12:41'),
(211, 8, 'Voltage stabilizers', '', 1, 1, 1, 1, '2019-12-11 03:12:55', '2019-12-11 03:12:55'),
(212, 8, 'Water Coolers', '', 1, 1, 1, 1, '2019-12-11 03:13:09', '2019-12-11 03:13:09'),
(213, 9, 'Almirah', '', 1, 1, 1, 1, '2019-12-11 03:13:42', '2019-12-11 03:13:42'),
(214, 9, 'Beds', '', 1, 1, 1, 1, '2019-12-11 03:13:55', '2019-12-11 03:13:55'),
(215, 9, 'Boards', '', 1, 1, 1, 1, '2019-12-11 03:14:10', '2019-12-11 03:14:10'),
(216, 9, 'Book cases', '', 1, 1, 1, 1, '2019-12-11 03:14:29', '2019-12-11 03:14:29'),
(217, 9, 'Bulb', '', 1, 1, 1, 1, '2019-12-11 03:14:53', '2019-12-11 03:14:53'),
(218, 9, 'Cabels', '', 1, 1, 1, 1, '2019-12-11 03:15:08', '2019-12-11 03:15:08'),
(219, 9, 'Cabinets', '', 1, 1, 1, 1, '2019-12-11 03:15:22', '2019-12-11 03:15:22'),
(220, 9, 'Carpets', '', 1, 1, 1, 1, '2019-12-11 03:15:37', '2019-12-11 03:15:37'),
(221, 9, 'Chair', '', 1, 1, 1, 1, '2019-12-11 03:15:49', '2019-12-11 03:15:49'),
(222, 9, 'Chalk board', '', 1, 1, 1, 1, '2019-12-11 03:16:07', '2019-12-11 03:16:07'),
(223, 9, 'Connectors', '', 1, 1, 1, 1, '2019-12-11 03:16:20', '2019-12-11 03:16:20'),
(224, 9, 'Filing cabinets', '', 1, 1, 1, 1, '2019-12-11 03:16:35', '2019-12-11 03:16:35'),
(225, 9, 'Ladders', '', 1, 1, 1, 1, '2019-12-11 03:16:49', '2019-12-11 03:16:49'),
(226, 9, 'Light Fitting', '', 1, 1, 1, 1, '2019-12-11 03:17:04', '2019-12-11 03:17:04'),
(227, 9, 'Mercury Bulb', '', 1, 1, 1, 1, '2019-12-11 03:17:20', '2019-12-11 03:17:20'),
(228, 9, 'Panel', '', 1, 1, 1, 1, '2019-12-11 03:17:35', '2019-12-11 03:17:35'),
(229, 9, 'Partitions Wooden / Aluminium', '', 1, 1, 1, 1, '2019-12-11 03:17:49', '2019-12-11 03:17:49'),
(230, 9, 'Plastic Furniture', '', 1, 1, 1, 1, '2019-12-11 03:18:03', '2019-12-11 03:18:03'),
(231, 9, 'Podium', '', 1, 1, 1, 1, '2019-12-11 03:18:17', '2019-12-11 03:18:17'),
(232, 9, 'Power Points', '', 1, 1, 1, 1, '2019-12-11 03:18:34', '2019-12-11 03:18:34'),
(233, 9, 'Side racks', '', 1, 1, 1, 1, '2019-12-11 03:18:47', '2019-12-11 03:18:47'),
(234, 9, 'Sofas', '', 1, 1, 1, 1, '2019-12-11 03:19:05', '2019-12-11 03:19:05'),
(235, 9, 'Solar Lamp', '', 1, 1, 1, 1, '2019-12-11 03:19:19', '2019-12-11 03:19:19'),
(236, 9, 'Steel Furniture', '', 1, 1, 1, 1, '2019-12-11 03:20:11', '2019-12-11 03:20:11'),
(237, 9, 'Storage racks', '', 1, 1, 1, 1, '2019-12-11 03:20:25', '2019-12-11 03:20:25'),
(238, 9, 'Street Light', '', 1, 1, 1, 1, '2019-12-11 03:24:02', '2019-12-11 03:24:02'),
(239, 9, 'Tables', '', 1, 1, 1, 1, '2019-12-11 03:24:19', '2019-12-11 03:24:19'),
(240, 9, 'Torch', '', 1, 1, 1, 1, '2019-12-11 03:24:32', '2019-12-11 03:24:32'),
(241, 9, 'Tubelight', '', 1, 1, 1, 1, '2019-12-11 03:24:45', '2019-12-11 03:24:45'),
(242, 9, 'Wall clock', '', 1, 1, 1, 1, '2019-12-11 03:24:59', '2019-12-11 03:24:59'),
(243, 9, 'Wheel chairs', '', 1, 1, 1, 1, '2019-12-11 03:25:20', '2019-12-11 03:25:20'),
(244, 9, 'Window blinds', '', 1, 1, 1, 1, '2019-12-11 03:25:35', '2019-12-11 03:25:35'),
(245, 9, 'Wooden Furniture', '', 1, 1, 1, 1, '2019-12-11 03:25:50', '2019-12-11 03:25:50'),
(246, 10, 'e-Journals', '', 1, 1, 1, 1, '2019-12-11 03:26:12', '2019-12-11 03:26:12'),
(247, 10, 'Library Books', '', 1, 1, 1, 1, '2019-12-11 03:26:25', '2019-12-11 03:26:25'),
(248, 10, 'Scientific Journals', '', 1, 1, 1, 1, '2019-12-11 03:26:40', '2019-12-11 03:26:40'),
(249, 11, 'Cash safe', '', 1, 1, 1, 1, '2019-12-11 03:27:06', '2019-12-11 03:27:06'),
(250, 11, 'Desktop / Pocket Calculators', '', 1, 1, 1, 1, '2019-12-11 03:27:25', '2019-12-11 03:27:25'),
(251, 11, 'Fax Machine', '', 1, 1, 1, 1, '2019-12-11 03:27:39', '2019-12-11 03:27:39'),
(252, 11, 'Fire extinguishers', '', 1, 1, 1, 1, '2019-12-11 03:27:55', '2019-12-11 03:27:55'),
(253, 11, 'Insurance spares for Generators', '', 1, 1, 1, 1, '2019-12-11 03:28:18', '2019-12-11 03:28:18'),
(254, 11, 'Mobile phones', '', 1, 1, 1, 1, '2019-12-11 03:28:33', '2019-12-11 03:28:33'),
(255, 11, 'Office Equipment', '', 1, 1, 1, 1, '2019-12-11 03:28:53', '2019-12-11 03:28:53'),
(256, 11, 'Photo Copier', '', 1, 1, 1, 1, '2019-12-11 03:29:06', '2019-12-11 03:29:06'),
(257, 11, 'Telephone', '', 1, 1, 1, 1, '2019-12-11 03:29:21', '2019-12-11 03:29:21'),
(258, 11, 'Type writers (Electronic / manual)', '', 1, 1, 1, 1, '2019-12-11 03:29:40', '2019-12-11 03:29:40'),
(259, 11, 'Walkie- talkie', '', 1, 1, 1, 1, '2019-12-11 03:29:55', '2019-12-11 03:29:55'),
(260, 12, 'Air conditioning plant', '', 1, 1, 1, 1, '2019-12-11 03:30:42', '2019-12-11 03:30:42'),
(261, 12, 'Breaker', '', 1, 1, 1, 1, '2019-12-11 03:30:58', '2019-12-11 03:30:58'),
(262, 12, 'Chlorination plant', '', 1, 1, 1, 1, '2019-12-11 03:31:14', '2019-12-11 03:31:14'),
(263, 12, 'Compactors', '', 1, 1, 1, 1, '2019-12-11 03:31:28', '2019-12-11 03:31:28'),
(264, 12, 'Consumables', '', 1, 1, 1, 1, '2019-12-11 03:31:43', '2019-12-11 03:31:43'),
(265, 12, 'Crane', '', 1, 1, 1, 1, '2019-12-11 03:31:58', '2019-12-11 03:31:58'),
(266, 12, 'Crusher', '', 1, 1, 1, 1, '2019-12-11 03:32:11', '2019-12-11 03:32:11'),
(267, 12, 'Effluent treatment plant', '', 1, 1, 1, 1, '2019-12-11 03:32:33', '2019-12-11 03:32:33'),
(268, 12, 'Engine', '', 1, 1, 1, 1, '2019-12-11 03:32:58', '2019-12-11 03:32:58'),
(269, 12, 'Excavator', '', 1, 1, 1, 1, '2019-12-11 03:33:14', '2019-12-11 03:33:14'),
(270, 12, 'Factory / Units', '', 1, 1, 1, 1, '2019-12-11 03:33:32', '2019-12-11 03:33:32'),
(271, 12, 'Fogging Machine', '', 1, 1, 1, 1, '2019-12-11 03:33:51', '2019-12-11 03:33:51'),
(272, 12, 'Furnaces', '', 1, 1, 1, 1, '2019-12-11 03:34:07', '2019-12-11 03:34:07'),
(273, 12, 'Handler', '', 1, 1, 1, 1, '2019-12-11 03:34:23', '2019-12-11 03:34:23'),
(274, 12, 'Loader', '', 1, 1, 1, 1, '2019-12-11 03:34:37', '2019-12-11 03:34:37'),
(275, 12, 'Mixer', '', 1, 1, 1, 1, '2019-12-11 03:34:51', '2019-12-11 03:34:51'),
(276, 12, 'Printing press', '', 1, 1, 1, 1, '2019-12-11 03:35:10', '2019-12-11 03:35:10'),
(277, 12, 'Road Roller', '', 1, 1, 1, 1, '2019-12-11 03:35:26', '2019-12-11 03:35:26'),
(278, 12, 'Sewage plant', '', 1, 1, 1, 1, '2019-12-11 03:35:43', '2019-12-11 03:35:43'),
(279, 12, 'Water Desalination Plant', '', 1, 1, 1, 1, '2019-12-11 03:35:59', '2019-12-11 03:35:59'),
(280, 12, 'Water purification plant', '', 1, 1, 1, 1, '2019-12-11 03:36:16', '2019-12-11 03:36:16'),
(281, 12, 'Workshop machines', '', 1, 1, 1, 1, '2019-12-11 03:36:35', '2019-12-11 03:36:35'),
(282, 14, 'Boat', '', 1, 1, 1, 1, '2019-12-11 03:45:22', '2019-12-11 03:45:22'),
(283, 14, 'Buses', '', 1, 1, 1, 1, '2019-12-11 03:45:37', '2019-12-11 03:45:37'),
(284, 14, 'Cycles', '', 1, 1, 1, 1, '2019-12-11 03:45:50', '2019-12-11 03:45:50'),
(285, 14, 'Handicapped Chairs / Wheel Chairs', '', 1, 1, 1, 1, '2019-12-11 03:46:08', '2019-12-11 03:46:08'),
(286, 14, 'Hearse Cart', '', 1, 1, 1, 1, '2019-12-11 03:46:24', '2019-12-11 03:46:24'),
(287, 14, 'Jeeps', '', 1, 1, 1, 1, '2019-12-11 03:46:40', '2019-12-11 03:46:40'),
(288, 14, 'Mini buses', '', 1, 1, 1, 1, '2019-12-11 03:47:02', '2019-12-11 03:47:02'),
(289, 14, 'Mopeds', '', 1, 1, 1, 1, '2019-12-11 03:47:16', '2019-12-11 03:47:16'),
(290, 14, 'Motor Cars', '', 1, 1, 1, 1, '2019-12-11 03:47:32', '2019-12-11 03:47:32'),
(291, 14, 'Motor Cycles', '', 1, 1, 1, 1, '2019-12-11 03:47:53', '2019-12-11 03:47:53'),
(292, 14, 'Pick up vans', '', 1, 1, 1, 1, '2019-12-11 03:48:10', '2019-12-11 03:48:10'),
(293, 14, 'Stretcher on wheels', '', 1, 1, 1, 1, '2019-12-11 03:48:25', '2019-12-11 03:48:25'),
(294, 14, 'Tanker', '', 1, 1, 1, 1, '2019-12-11 03:48:38', '2019-12-11 03:48:38'),
(295, 14, 'Three wheelers', '', 1, 1, 1, 1, '2019-12-11 03:48:56', '2019-12-11 03:48:56'),
(296, 14, 'Tractor', '', 1, 1, 1, 1, '2019-12-11 03:49:09', '2019-12-11 03:49:09'),
(297, 14, 'Trailers', '', 1, 1, 1, 1, '2019-12-11 03:49:23', '2019-12-11 03:49:23'),
(298, 14, 'Trolleys', '', 1, 1, 1, 1, '2019-12-11 03:49:37', '2019-12-11 03:49:37'),
(299, 14, 'Trucks', '', 1, 1, 1, 1, '2019-12-11 03:49:50', '2019-12-11 03:49:50'),
(300, 7, 'Computer Software', '', 1, 1, 1, 1, '2019-12-11 04:28:56', '2019-12-11 04:28:56'),
(301, 25, 'Pond', '', 1, 1, 1, 1, '2019-12-11 04:30:03', '2019-12-11 04:30:03'),
(302, 25, 'Reservoir', '', 1, 1, 1, 1, '2019-12-11 04:30:24', '2019-12-11 04:30:24'),
(303, 13, 'Skill Development', '', 1, 1, 1, 1, '2019-12-11 04:31:27', '2019-12-11 04:31:27');

-- --------------------------------------------------------

--
-- Table structure for table `department`
--

CREATE TABLE `department` (
  `dept_id` int(11) NOT NULL,
  `dept_name` varchar(50) NOT NULL,
  `dept_icon` varchar(100) DEFAULT NULL,
  `is_active` int(11) NOT NULL,
  `org_id` int(11) NOT NULL,
  `created_by` int(11) DEFAULT NULL,
  `updated_by` int(11) DEFAULT NULL,
  `created_at` timestamp NOT NULL DEFAULT current_timestamp(),
  `updated_at` timestamp NOT NULL DEFAULT current_timestamp()
) ENGINE=InnoDB DEFAULT CHARSET=utf8mb4;

--
-- Dumping data for table `department`
--

INSERT INTO `department` (`dept_id`, `dept_name`, `dept_icon`, `is_active`, `org_id`, `created_by`, `updated_by`, `created_at`, `updated_at`) VALUES
(1, 'Health', 'public/uploaded_documents/department/department-15781299941313.png', 1, 1, 1, 1, '2019-11-09 06:09:02', '2020-01-04 03:56:34'),
(2, 'Land and Revenue', '', 1, 1, 1, 1, '2019-11-09 06:09:02', '2019-12-14 08:23:19'),
(3, 'Welfare', NULL, 1, 1, 1, 1, '2019-11-09 06:09:39', '2019-12-14 08:23:37'),
(4, 'Education', NULL, 1, 1, 1, 1, '2019-11-09 06:09:39', '2019-12-14 08:23:52'),
(5, 'Land Acquisition', NULL, 1, 1, 1, 1, '2019-11-09 06:10:35', '2019-12-14 08:24:08'),
(6, 'Election', NULL, 1, 1, 1, 1, '2019-11-09 06:10:35', '2019-12-14 08:24:42'),
(7, 'Agriculture', 'public/uploaded_documents/department/department-15781299743745.jpg', 1, 1, 1, 1, '2019-11-09 06:11:13', '2020-01-04 03:56:14'),
(9, 'Social Welfare', NULL, 1, 1, 1, 1, '2019-11-09 06:12:18', '2019-12-14 08:21:53'),
(10, 'Drinking Water and Sanitation', NULL, 1, 1, 1, 1, '2019-11-09 06:12:18', '2019-12-14 08:21:16'),
(11, 'Social Security Scheme', 'public/uploaded_documents/department/department-15781299834937.png', 1, 1, 1, 1, '2019-11-09 06:12:42', '2020-01-04 03:56:23');

-- --------------------------------------------------------

--
-- Table structure for table `designation`
--

CREATE TABLE `designation` (
  `desig_id` int(11) NOT NULL,
  `name` varchar(50) NOT NULL,
  `org_id` int(11) NOT NULL,
  `created_by` int(11) NOT NULL,
  `updated_by` int(11) NOT NULL,
  `created_at` timestamp NOT NULL DEFAULT current_timestamp(),
  `updated_at` timestamp NOT NULL DEFAULT current_timestamp()
) ENGINE=InnoDB DEFAULT CHARSET=utf8mb4;

--
-- Dumping data for table `designation`
--

INSERT INTO `designation` (`desig_id`, `name`, `org_id`, `created_by`, `updated_by`, `created_at`, `updated_at`) VALUES
(1, 'DC', 1, 1, 1, '2019-11-09 06:04:57', '2019-12-02 07:03:42'),
(2, 'SDO', 1, 1, 1, '2019-11-09 06:04:57', '2019-11-09 06:04:57'),
(3, 'BDO', 1, 1, 1, '2019-11-09 06:05:31', '2019-11-09 06:05:31'),
(4, 'PO', 1, 1, 1, '2019-11-09 06:05:31', '2019-11-09 06:05:31');

-- --------------------------------------------------------

--
-- Table structure for table `desig_permission`
--

CREATE TABLE `desig_permission` (
  `desig_permission_id` int(11) NOT NULL,
  `desig_id` int(11) NOT NULL,
  `mod_id` int(11) NOT NULL,
  `add` int(11) NOT NULL,
  `edit` int(11) NOT NULL,
  `view` int(11) NOT NULL,
  `del` int(11) NOT NULL,
  `created_by` int(11) NOT NULL,
  `updated_by` int(11) NOT NULL,
  `created_at` timestamp NOT NULL DEFAULT current_timestamp(),
  `updated_at` timestamp NOT NULL DEFAULT current_timestamp()
) ENGINE=InnoDB DEFAULT CHARSET=utf8mb4;

--
-- Dumping data for table `desig_permission`
--

INSERT INTO `desig_permission` (`desig_permission_id`, `desig_id`, `mod_id`, `add`, `edit`, `view`, `del`, `created_by`, `updated_by`, `created_at`, `updated_at`) VALUES
(74, 2, 13, 1, 0, 0, 0, 1, 1, '2020-01-10 03:27:53', '2020-01-10 03:27:53'),
(75, 2, 15, 1, 0, 0, 0, 1, 1, '2020-01-10 03:27:53', '2020-01-10 03:27:53'),
(76, 2, 2, 1, 0, 0, 0, 1, 1, '2020-01-10 03:27:53', '2020-01-10 03:27:53'),
(77, 2, 5, 1, 0, 0, 0, 1, 1, '2020-01-10 03:27:53', '2020-01-10 03:27:53'),
(78, 2, 22, 1, 0, 0, 0, 1, 1, '2020-01-10 03:27:53', '2020-01-10 03:27:53'),
(79, 2, 9, 1, 0, 0, 0, 1, 1, '2020-01-10 03:27:53', '2020-01-10 03:27:53'),
(80, 2, 14, 1, 0, 0, 0, 1, 1, '2020-01-10 03:27:53', '2020-01-10 03:27:53'),
(81, 2, 19, 1, 0, 0, 0, 1, 1, '2020-01-10 03:27:53', '2020-01-10 03:27:53'),
(82, 2, 1, 1, 0, 1, 0, 1, 1, '2020-01-10 03:27:53', '2020-01-10 03:27:53'),
(195, 4, 13, 1, 1, 1, 1, 1, 1, '2020-01-22 01:13:56', '2020-01-22 01:13:57'),
(196, 4, 22, 1, 1, 1, 1, 1, 1, '2020-01-22 01:13:56', '2020-01-22 01:13:57'),
(197, 4, 14, 1, 1, 1, 1, 1, 1, '2020-01-22 01:13:56', '2020-01-22 01:13:57'),
(198, 3, 13, 1, 1, 1, 1, 1, 1, '2020-01-22 01:14:35', '2020-01-22 01:14:35'),
(199, 3, 22, 1, 1, 1, 1, 1, 1, '2020-01-22 01:14:35', '2020-01-22 01:14:35'),
(200, 3, 14, 1, 1, 1, 1, 1, 1, '2020-01-22 01:14:35', '2020-01-22 01:14:35'),
(201, 1, 13, 1, 1, 1, 1, 1, 1, '2020-01-22 03:40:17', '2020-01-22 03:40:19'),
(202, 1, 15, 1, 1, 1, 1, 1, 1, '2020-01-22 03:40:17', '2020-01-22 03:40:19'),
(203, 1, 2, 1, 1, 1, 1, 1, 1, '2020-01-22 03:40:17', '2020-01-22 03:40:19'),
(204, 1, 5, 1, 1, 1, 1, 1, 1, '2020-01-22 03:40:17', '2020-01-22 03:40:19'),
(205, 1, 11, 1, 1, 1, 1, 1, 1, '2020-01-22 03:40:17', '2020-01-22 03:40:19'),
(206, 1, 22, 1, 1, 1, 1, 1, 1, '2020-01-22 03:40:17', '2020-01-22 03:40:19'),
(207, 1, 12, 1, 1, 1, 1, 1, 1, '2020-01-22 03:40:17', '2020-01-22 03:40:19'),
(208, 1, 21, 1, 1, 1, 1, 1, 1, '2020-01-22 03:40:17', '2020-01-22 03:40:19'),
(209, 1, 10, 1, 1, 1, 1, 1, 1, '2020-01-22 03:40:17', '2020-01-22 03:40:19'),
(210, 1, 8, 1, 1, 1, 1, 1, 1, '2020-01-22 03:40:18', '2020-01-22 03:40:19'),
(211, 1, 9, 1, 1, 1, 1, 1, 1, '2020-01-22 03:40:18', '2020-01-22 03:40:19'),
(212, 1, 14, 1, 1, 1, 1, 1, 1, '2020-01-22 03:40:18', '2020-01-22 03:40:19'),
(213, 1, 19, 1, 1, 1, 1, 1, 1, '2020-01-22 03:40:18', '2020-01-22 03:40:19'),
(214, 1, 16, 1, 1, 1, 1, 1, 1, '2020-01-22 03:40:18', '2020-01-22 03:40:19'),
(215, 1, 17, 1, 1, 1, 1, 1, 1, '2020-01-22 03:40:18', '2020-01-22 03:40:19'),
(216, 1, 7, 1, 1, 1, 1, 1, 1, '2020-01-22 03:40:18', '2020-01-22 03:40:19'),
(217, 1, 18, 1, 1, 1, 1, 1, 1, '2020-01-22 03:40:18', '2020-01-22 03:40:19'),
(218, 1, 20, 1, 1, 1, 1, 1, 1, '2020-01-22 03:40:18', '2020-01-22 03:40:19'),
(219, 1, 6, 1, 1, 1, 1, 1, 1, '2020-01-22 03:40:18', '2020-01-22 03:40:19'),
(220, 1, 4, 1, 1, 1, 1, 1, 1, '2020-01-22 03:40:18', '2020-01-22 03:40:19'),
(221, 1, 1, 1, 1, 1, 1, 1, 1, '2020-01-22 03:40:18', '2020-01-22 03:40:19'),
(222, 1, 3, 1, 1, 1, 1, 1, 1, '2020-01-22 03:40:18', '2020-01-22 03:40:19');

-- --------------------------------------------------------

--
-- Table structure for table `favourite_block`
--

CREATE TABLE `favourite_block` (
  `favourite_block_id` int(11) NOT NULL,
  `user_id` int(11) NOT NULL,
  `org_id` int(11) NOT NULL,
  `block_id` int(11) NOT NULL,
  `created_by` int(11) NOT NULL,
  `updated_by` int(11) NOT NULL,
  `created_at` timestamp NOT NULL DEFAULT current_timestamp(),
  `updated_at` timestamp NOT NULL DEFAULT current_timestamp()
) ENGINE=InnoDB DEFAULT CHARSET=latin1;

-- --------------------------------------------------------

--
-- Table structure for table `favourite_define_assets`
--

CREATE TABLE `favourite_define_assets` (
  `favourite_asset_id` int(11) NOT NULL,
  `user_id` int(11) NOT NULL,
  `org_id` int(11) NOT NULL,
  `asset_id` int(11) NOT NULL,
  `created_by` int(11) NOT NULL,
  `updated_by` int(11) NOT NULL,
  `created_at` timestamp NOT NULL DEFAULT current_timestamp(),
  `updated_at` timestamp NOT NULL DEFAULT current_timestamp()
) ENGINE=InnoDB DEFAULT CHARSET=latin1;

-- --------------------------------------------------------

--
-- Table structure for table `favourite_department`
--

CREATE TABLE `favourite_department` (
  `favourite_department_id` int(11) NOT NULL,
  `user_id` int(11) NOT NULL,
  `org_id` int(11) NOT NULL,
  `dept_id` int(11) NOT NULL,
  `created_by` int(11) NOT NULL,
  `updated_by` int(11) NOT NULL,
  `created_at` timestamp NOT NULL DEFAULT current_timestamp(),
  `updated_at` timestamp NOT NULL DEFAULT current_timestamp()
) ENGINE=InnoDB DEFAULT CHARSET=latin1;

-- --------------------------------------------------------

--
-- Table structure for table `favourite_panchayat`
--

CREATE TABLE `favourite_panchayat` (
  `favourite_panchayat_id` int(11) NOT NULL,
  `user_id` int(11) NOT NULL,
  `org_id` int(11) NOT NULL,
  `panchayat_id` int(11) NOT NULL,
  `created_by` int(11) NOT NULL,
  `updated_by` int(11) NOT NULL,
  `created_at` timestamp NOT NULL DEFAULT current_timestamp(),
  `updated_at` timestamp NOT NULL DEFAULT current_timestamp()
) ENGINE=InnoDB DEFAULT CHARSET=latin1;

-- --------------------------------------------------------

--
-- Table structure for table `favourite_scheme`
--

CREATE TABLE `favourite_scheme` (
  `favourite_scheme_id` int(11) NOT NULL,
  `user_id` int(11) NOT NULL,
  `org_id` int(11) NOT NULL,
  `scheme_id` int(11) NOT NULL,
  `created_by` int(11) NOT NULL,
  `updated_by` int(11) NOT NULL,
  `created_at` timestamp NOT NULL DEFAULT current_timestamp(),
  `updated_at` timestamp NOT NULL DEFAULT current_timestamp()
) ENGINE=InnoDB DEFAULT CHARSET=latin1;

--
-- Dumping data for table `favourite_scheme`
--

INSERT INTO `favourite_scheme` (`favourite_scheme_id`, `user_id`, `org_id`, `scheme_id`, `created_by`, `updated_by`, `created_at`, `updated_at`) VALUES
(24, 24, 1, 127, 24, 24, '2020-01-19 01:45:38', '2020-01-19 01:45:38'),
(25, 24, 1, 135, 24, 24, '2020-01-19 01:45:38', '2020-01-19 01:45:38'),
(33, 12, 1, 117, 12, 12, '2020-01-19 02:40:22', '2020-01-19 02:40:22'),
(34, 12, 1, 127, 12, 12, '2020-01-19 02:40:23', '2020-01-19 02:40:23'),
(35, 12, 1, 135, 12, 12, '2020-01-19 02:40:23', '2020-01-19 02:40:23'),
(39, 20, 1, 117, 20, 20, '2020-01-19 02:59:41', '2020-01-19 02:59:41'),
(40, 20, 1, 127, 20, 20, '2020-01-19 02:59:41', '2020-01-19 02:59:41'),
(41, 20, 1, 135, 20, 20, '2020-01-19 02:59:41', '2020-01-19 02:59:41'),
(43, 23, 1, 117, 23, 23, '2020-01-19 03:06:15', '2020-01-19 03:06:15'),
(44, 23, 1, 127, 23, 23, '2020-01-19 03:06:15', '2020-01-19 03:06:15'),
(45, 23, 1, 135, 23, 23, '2020-01-19 03:06:15', '2020-01-19 03:06:15'),
(46, 19, 1, 117, 19, 19, '2020-01-19 04:58:20', '2020-01-19 04:58:20'),
(47, 21, 1, 117, 21, 21, '2020-01-22 01:04:41', '2020-01-22 01:04:41'),
(48, 21, 1, 127, 21, 21, '2020-01-22 01:04:41', '2020-01-22 01:04:41');

-- --------------------------------------------------------

--
-- Table structure for table `geo_location`
--

CREATE TABLE `geo_location` (
  `geo_location_id` int(11) NOT NULL,
  `geo_related` varchar(4) NOT NULL,
  `linked_scheme_id` int(11) NOT NULL,
  `geo_id` int(11) NOT NULL,
  `created_by` int(11) NOT NULL,
  `updated_by` int(11) NOT NULL,
  `created_at` timestamp NOT NULL DEFAULT current_timestamp(),
  `updated_at` timestamp NOT NULL DEFAULT current_timestamp()
) ENGINE=InnoDB DEFAULT CHARSET=utf8mb4;

-- --------------------------------------------------------

--
-- Table structure for table `geo_structure`
--

CREATE TABLE `geo_structure` (
  `geo_id` int(11) NOT NULL,
  `org_id` int(11) NOT NULL,
  `geo_name` varchar(100) NOT NULL,
  `level_id` int(11) NOT NULL,
  `no_of_villages` int(11) DEFAULT NULL,
  `officer_id` int(11) DEFAULT NULL,
  `parent_id` int(11) NOT NULL,
  `dist_id` int(11) NOT NULL,
  `sd_id` int(11) NOT NULL,
  `bl_id` int(11) NOT NULL,
  `created_by` int(11) NOT NULL,
  `updated_by` int(11) NOT NULL,
  `created_at` timestamp NOT NULL DEFAULT current_timestamp(),
  `updated_at` timestamp NOT NULL DEFAULT current_timestamp()
) ENGINE=InnoDB DEFAULT CHARSET=utf8mb4;

--
-- Dumping data for table `geo_structure`
--

INSERT INTO `geo_structure` (`geo_id`, `org_id`, `geo_name`, `level_id`, `no_of_villages`, `officer_id`, `parent_id`, `dist_id`, `sd_id`, `bl_id`, `created_by`, `updated_by`, `created_at`, `updated_at`) VALUES
(1, 1, 'Seraikela', 1, 0, NULL, -1, -1, -1, -1, 1, 1, '2019-11-08 12:23:38', '2019-11-08 12:23:38'),
(2, 1, 'Seraikela', 2, 0, 22, 1, 1, -1, -1, 1, 1, '2019-11-08 12:28:39', '2020-01-22 01:11:28'),
(3, 1, 'Chandil', 2, 0, 21, 1, 1, -1, -1, 1, 1, '2019-11-08 12:28:39', '2020-01-22 01:05:43'),
(4, 1, 'Seraikella', 3, 0, NULL, 2, 1, 2, -1, 1, 1, '2019-11-08 12:49:31', '2019-11-08 12:49:31'),
(5, 1, 'Kharsawan', 3, 0, NULL, 2, 1, 2, -1, 1, 1, '2019-11-08 12:49:31', '2019-11-08 12:49:31'),
(6, 1, 'Gamharia', 3, 0, NULL, 2, 1, 2, -1, 1, 1, '2019-11-08 12:53:29', '2019-11-08 12:53:29'),
(7, 1, 'Rajnagar', 3, 0, NULL, 2, 1, 2, -1, 1, 1, '2019-11-08 12:53:29', '2019-11-08 12:53:29'),
(8, 1, 'Kuchai', 3, 0, NULL, 2, 1, 2, -1, 1, 1, '2019-11-08 12:55:27', '2019-11-08 12:55:27'),
(9, 1, 'Chandil', 3, 0, 20, 3, 1, 3, -1, 1, 1, '2019-11-08 12:57:54', '2020-01-22 01:15:47'),
(10, 1, 'Ichagarh', 3, 0, 19, 3, 1, 3, -1, 1, 1, '2019-11-08 12:57:54', '2020-01-22 01:16:53'),
(11, 1, 'Nimdih', 3, 0, NULL, 3, 1, 3, -1, 1, 1, '2019-11-08 12:59:46', '2019-11-08 12:59:46'),
(12, 1, 'Kukru', 3, 0, NULL, 3, 1, 3, -1, 1, 1, '2019-11-08 12:59:46', '2019-11-08 12:59:46'),
(13, 1, 'Chotadawan', 4, 0, NULL, 4, 1, 2, 4, 1, 1, '2019-11-08 13:14:07', '2019-11-08 13:14:07'),
(14, 1, 'Govindpur', 4, 0, NULL, 4, 1, 2, 4, 1, 1, '2019-11-08 13:14:07', '2019-11-08 13:14:07'),
(15, 1, 'Hudu', 4, 0, NULL, 4, 1, 2, 4, 1, 1, '2019-11-08 13:17:44', '2019-11-08 13:17:44'),
(16, 1, 'Itakudar', 4, 0, NULL, 4, 1, 2, 4, 1, 1, '2019-11-08 13:17:44', '2019-11-08 13:17:44'),
(17, 1, 'Kamalpur \r\n', 4, 0, NULL, 4, 1, 2, 4, 1, 1, '2019-11-08 14:30:07', '2019-11-08 14:30:07'),
(18, 1, 'Mohitpur ', 4, 0, NULL, 4, 1, 2, 4, 1, 1, '2019-11-08 14:30:07', '2019-11-08 14:30:07'),
(19, 1, 'Mundatand ', 4, 0, NULL, 4, 1, 2, 4, 1, 1, '2019-11-08 14:33:10', '2019-11-08 14:33:10'),
(20, 1, 'Murkum ', 4, 0, NULL, 4, 1, 2, 4, 1, 1, '2019-11-08 14:33:10', '2019-11-08 14:33:10'),
(21, 1, 'Murup ', 4, 0, NULL, 4, 1, 2, 4, 1, 1, '2019-11-08 14:36:30', '2019-11-08 14:36:30'),
(22, 1, 'Nuagaon ', 4, 0, NULL, 4, 1, 2, 4, 1, 1, '2019-11-08 14:36:30', '2019-11-08 14:36:30'),
(23, 1, 'Pandra ', 4, 0, NULL, 4, 1, 2, 4, 1, 1, '2019-11-08 14:38:59', '2019-11-08 14:38:59'),
(24, 1, 'Pathanmara ', 4, 0, NULL, 4, 1, 2, 4, 1, 1, '2019-11-08 14:38:59', '2019-11-08 14:38:59'),
(25, 1, 'Sini ', 4, 0, NULL, 4, 1, 2, 4, 1, 1, '2019-11-08 14:41:25', '2019-11-08 14:41:25'),
(26, 1, 'Uperdugni ', 4, 0, NULL, 4, 1, 2, 4, 1, 1, '2019-11-08 14:41:25', '2019-11-08 14:41:25'),
(27, 1, 'Badasijulda ', 4, 0, NULL, 7, 1, 2, 7, 1, 1, '2019-11-08 14:55:34', '2019-11-08 14:55:34'),
(28, 1, 'Bana ', 4, 0, NULL, 7, 1, 2, 7, 1, 1, '2019-11-08 14:55:34', '2019-11-08 14:55:34'),
(29, 1, 'Bandu ', 4, 0, NULL, 7, 1, 2, 7, 1, 1, '2019-11-08 15:01:08', '2019-11-08 15:01:08'),
(30, 1, 'Dhuripada ', 4, 0, NULL, 7, 1, 2, 7, 1, 1, '2019-11-08 15:01:08', '2019-11-08 15:01:08'),
(31, 1, 'Dumardih ', 4, 0, NULL, 7, 1, 2, 7, 1, 1, '2019-11-08 15:03:09', '2019-11-08 15:03:09'),
(32, 1, 'Edal ', 4, 0, NULL, 7, 1, 2, 7, 1, 1, '2019-11-08 15:03:09', '2019-11-08 15:03:09'),
(33, 1, 'Gamaharia ', 4, 0, NULL, 7, 1, 2, 7, 1, 1, '2019-11-08 15:04:59', '2019-11-08 15:04:59'),
(34, 1, 'Gengeruli ', 4, 0, NULL, 7, 1, 2, 7, 1, 1, '2019-11-08 15:04:59', '2019-11-08 15:04:59'),
(35, 1, 'Govindpur ', 4, 0, NULL, 7, 1, 2, 7, 1, 1, '2019-11-08 15:06:38', '2019-11-08 15:06:38'),
(36, 1, 'Herma ', 4, 0, NULL, 7, 1, 2, 7, 1, 1, '2019-11-08 15:06:38', '2019-11-08 15:06:38'),
(37, 1, 'Jonbani ', 4, 0, NULL, 7, 1, 2, 7, 1, 1, '2019-11-08 15:08:08', '2019-11-08 15:08:08'),
(38, 1, 'Jumal ', 4, 0, NULL, 7, 1, 2, 7, 1, 1, '2019-11-08 15:08:08', '2019-11-08 15:08:08'),
(39, 1, 'Katanga ', 4, 0, NULL, 7, 1, 2, 7, 1, 1, '2019-11-08 15:09:46', '2019-11-08 15:09:46'),
(40, 1, 'Kendmundi ', 4, 0, NULL, 7, 1, 2, 7, 1, 1, '2019-11-08 15:09:46', '2019-11-08 15:09:46'),
(41, 1, 'Kuju ', 4, 0, NULL, 7, 1, 2, 7, 1, 1, '2019-11-08 15:11:15', '2019-11-08 15:11:15'),
(42, 1, 'Kurma ', 4, 0, NULL, 7, 1, 2, 7, 1, 1, '2019-11-08 15:11:15', '2019-11-08 15:11:15'),
(43, 1, 'Potka ', 4, 0, NULL, 7, 1, 2, 7, 1, 1, '2019-11-08 15:12:57', '2019-11-08 15:12:57'),
(44, 1, 'Rajnagar ', 4, 0, NULL, 7, 1, 2, 7, 1, 1, '2019-11-08 15:12:57', '2019-11-08 15:12:57'),
(45, 1, 'Tintidih ', 4, 0, NULL, 7, 1, 2, 7, 1, 1, '2019-11-08 15:14:43', '2019-11-08 15:14:43'),
(46, 1, 'Tumung ', 4, 0, NULL, 7, 1, 2, 7, 1, 1, '2019-11-08 15:14:43', '2019-11-08 15:14:43'),
(47, 1, 'Vijadih ', 4, 0, NULL, 7, 1, 2, 7, 1, 1, '2019-11-08 15:15:50', '2019-11-08 15:15:50'),
(48, 1, 'Badeda ', 4, 0, NULL, 11, 1, 3, 11, 1, 1, '2019-11-08 15:18:03', '2019-11-08 15:18:03'),
(49, 1, 'Chaliyama ', 4, 0, NULL, 11, 1, 3, 11, 1, 1, '2019-11-08 15:18:03', '2019-11-08 15:18:03'),
(50, 1, 'Chigraparkidih ', 4, 0, NULL, 11, 1, 3, 11, 1, 1, '2019-11-08 15:22:14', '2019-11-08 15:22:14'),
(51, 1, 'Gordih ', 4, 0, NULL, 11, 1, 3, 11, 1, 1, '2019-11-08 15:22:14', '2019-11-08 15:22:14'),
(52, 1, 'Gunda ', 4, 0, NULL, 11, 1, 3, 11, 1, 1, '2019-11-08 15:23:32', '2019-11-08 15:23:32'),
(53, 1, 'Heven ', 4, 0, NULL, 11, 1, 3, 11, 1, 1, '2019-11-08 15:23:32', '2019-11-08 15:23:32'),
(54, 1, 'Adardih ', 4, 0, NULL, 11, 1, 3, 11, 1, 1, '2019-11-08 15:24:39', '2019-11-08 15:24:39'),
(55, 1, 'Jhimri ', 4, 0, NULL, 11, 1, 3, 11, 1, 1, '2019-11-08 15:24:39', '2019-11-08 15:24:39'),
(56, 1, 'Lakri ', 4, 0, NULL, 11, 1, 3, 11, 1, 1, '2019-11-08 15:25:50', '2019-11-08 15:25:50'),
(57, 1, 'Lupungdih\r\n', 4, 0, NULL, 11, 1, 3, 11, 1, 1, '2019-11-08 15:25:50', '2019-11-08 15:25:50'),
(58, 1, 'Samanpur ', 4, 0, NULL, 11, 1, 3, 11, 1, 1, '2019-11-08 15:26:56', '2019-11-08 15:26:56'),
(59, 1, 'Tengadih ', 4, 0, NULL, 11, 1, 3, 11, 1, 1, '2019-11-08 15:26:56', '2019-11-08 15:26:56'),
(60, 1, 'Tilla ', 4, 0, NULL, 11, 1, 3, 11, 1, 1, '2019-11-08 15:27:38', '2019-11-08 15:27:38'),
(61, 1, 'Berasisirum ', 4, 0, NULL, 12, 1, 3, 12, 1, 1, '2019-11-08 15:29:26', '2019-11-08 15:29:26'),
(62, 1, 'Chaura ', 4, 0, NULL, 12, 1, 3, 12, 1, 1, '2019-11-08 15:29:26', '2019-11-08 15:29:26'),
(63, 1, 'Ichadih ', 4, 0, NULL, 12, 1, 3, 12, 1, 1, '2019-11-08 15:30:36', '2019-11-08 15:30:36'),
(64, 1, 'Janum ', 4, 0, NULL, 12, 1, 3, 12, 1, 1, '2019-11-08 15:30:36', '2019-11-08 15:30:36'),
(65, 1, 'Kukru ', 4, 0, NULL, 12, 1, 3, 12, 1, 1, '2019-11-08 15:32:06', '2019-11-08 15:32:06'),
(66, 1, 'Letemda ', 4, 0, NULL, 12, 1, 3, 12, 1, 1, '2019-11-08 15:32:06', '2019-11-08 15:32:06'),
(67, 1, 'Odia ', 4, 0, NULL, 12, 1, 3, 12, 1, 1, '2019-11-08 15:33:29', '2019-11-08 15:33:29'),
(68, 1, 'Pargama ', 4, 0, NULL, 12, 1, 3, 12, 1, 1, '2019-11-08 15:33:29', '2019-11-08 15:33:29'),
(69, 1, 'Tiruldih_1', 4, 0, NULL, 12, 1, 3, 12, 1, 1, '2019-11-08 15:34:43', '2019-11-08 15:34:43'),
(70, 1, 'Arwan ', 4, 0, NULL, 8, 1, 2, 8, 1, 1, '2019-11-08 15:36:04', '2019-11-08 15:36:04'),
(71, 1, 'Bandolohar ', 4, 0, NULL, 8, 1, 2, 8, 1, 1, '2019-11-08 15:36:04', '2019-11-08 15:36:04'),
(72, 1, 'Baruhatu ', 4, 0, NULL, 8, 1, 2, 8, 1, 1, '2019-11-08 15:37:07', '2019-11-08 15:37:07'),
(73, 1, 'Chotasegoi ', 4, 0, NULL, 8, 1, 2, 8, 1, 1, '2019-11-08 15:37:07', '2019-11-08 15:37:07'),
(74, 1, 'Gomiadih ', 4, 0, NULL, 8, 1, 2, 8, 1, 1, '2019-11-08 15:40:57', '2019-11-08 15:40:57'),
(75, 1, 'Maranghatu ', 4, 0, NULL, 8, 1, 2, 8, 1, 1, '2019-11-08 15:40:57', '2019-11-08 15:40:57'),
(76, 1, 'Pondakata ', 4, 0, NULL, 8, 1, 2, 8, 1, 1, '2019-11-08 15:42:22', '2019-11-08 15:42:22'),
(77, 1, 'Rolahatu ', 4, 0, NULL, 8, 1, 2, 8, 1, 1, '2019-11-08 15:42:22', '2019-11-08 15:42:22'),
(78, 1, 'Rugudih ', 4, 0, NULL, 8, 1, 2, 8, 1, 1, '2019-11-08 15:43:48', '2019-11-08 15:43:48'),
(79, 1, 'Tilopada ', 4, 0, NULL, 8, 1, 2, 8, 1, 1, '2019-11-08 15:43:48', '2019-11-08 15:43:48'),
(80, 1, 'Badaamda ', 4, 0, NULL, 5, 1, 2, 5, 1, 1, '2019-11-08 15:45:29', '2019-11-08 15:45:29'),
(81, 1, 'Bitapur ', 4, 0, NULL, 5, 1, 2, 5, 1, 1, '2019-11-08 15:45:29', '2019-11-08 15:45:29'),
(82, 1, 'Burudih ', 4, 0, NULL, 5, 1, 2, 5, 1, 1, '2019-11-08 15:46:14', '2019-11-08 15:46:14'),
(83, 1, 'Chilku ', 4, 0, NULL, 5, 1, 2, 5, 1, 1, '2019-11-08 15:46:14', '2019-11-08 15:46:14'),
(84, 1, 'Dalaikela ', 4, 0, NULL, 5, 1, 2, 5, 1, 1, '2019-11-08 15:48:16', '2019-11-08 15:48:16'),
(85, 1, 'Haribhanja ', 4, 0, NULL, 5, 1, 2, 5, 1, 1, '2019-11-08 15:48:16', '2019-11-08 15:48:16'),
(86, 1, 'Jojodih ', 4, 0, NULL, 5, 1, 2, 5, 1, 1, '2019-11-08 15:49:22', '2019-11-08 15:49:22'),
(87, 1, 'Jordiha ', 4, 0, NULL, 5, 1, 2, 5, 1, 1, '2019-11-08 15:49:22', '2019-11-08 15:49:22'),
(88, 1, 'Kharsawan(Old ULB)', 4, 0, NULL, 5, 1, 2, 5, 1, 1, '2019-11-08 15:50:30', '2019-11-08 15:50:30'),
(89, 1, 'Krishnapur ', 4, 0, NULL, 5, 1, 2, 5, 1, 1, '2019-11-08 15:50:30', '2019-11-08 15:50:30'),
(90, 1, 'Riding ', 4, 0, NULL, 5, 1, 2, 5, 1, 1, '2019-11-08 15:51:53', '2019-11-08 15:51:53'),
(91, 1, 'Simla ', 4, 0, NULL, 5, 1, 2, 5, 1, 1, '2019-11-08 15:51:53', '2019-11-08 15:51:53'),
(92, 1, 'Telaidih ', 4, 0, NULL, 5, 1, 2, 5, 1, 1, '2019-11-08 15:52:45', '2019-11-08 15:52:45'),
(93, 1, 'Bandu ', 4, 0, NULL, 10, 1, 3, 10, 1, 1, '2019-11-08 15:54:40', '2019-11-08 15:54:40'),
(94, 1, 'Chimtiya ', 4, 0, NULL, 10, 1, 3, 10, 1, 1, '2019-11-08 15:54:40', '2019-11-08 15:54:40'),
(95, 1, 'Dewaltand', 4, 0, NULL, 10, 1, 3, 10, 1, 1, '2019-11-08 15:56:54', '2020-01-19 01:24:45'),
(96, 1, 'Gorangkocha ', 4, 0, NULL, 10, 1, 3, 10, 1, 1, '2019-11-08 15:56:54', '2019-11-08 15:56:54'),
(97, 1, 'Gudri ', 4, 0, NULL, 10, 1, 3, 10, 1, 1, '2019-11-08 16:01:07', '2019-11-08 16:01:07'),
(98, 1, 'Lepatand ', 4, 0, NULL, 10, 1, 3, 10, 1, 1, '2019-11-08 16:01:07', '2019-11-08 16:01:07'),
(99, 1, 'Maisda ', 4, 0, NULL, 10, 1, 3, 10, 1, 1, '2019-11-08 16:03:19', '2019-11-08 16:03:19'),
(100, 1, 'Nadisai ', 4, 0, NULL, 10, 1, 3, 10, 1, 1, '2019-11-08 16:03:19', '2019-11-08 16:03:19'),
(101, 1, 'Patkum ', 4, 0, NULL, 10, 1, 3, 10, 1, 1, '2019-11-08 16:04:17', '2019-11-08 16:04:17'),
(102, 1, 'Situ ', 4, 0, NULL, 10, 1, 3, 10, 1, 1, '2019-11-08 16:04:17', '2019-11-08 16:04:17'),
(103, 1, 'Sodo ', 4, 0, NULL, 10, 1, 3, 10, 1, 1, '2019-11-08 16:05:38', '2019-11-08 16:05:38'),
(104, 1, 'Tikar ', 4, 0, NULL, 10, 1, 3, 10, 1, 1, '2019-11-08 16:05:38', '2019-11-08 16:05:38'),
(105, 1, 'Tiruldih_2', 4, 0, NULL, 10, 1, 3, 10, 1, 1, '2019-11-08 16:06:59', '2019-11-08 16:06:59'),
(106, 1, 'Tuta ', 4, 0, NULL, 10, 1, 3, 10, 1, 1, '2019-11-08 16:06:59', '2019-11-08 16:06:59'),
(107, 1, 'Bandhdih ', 4, 0, NULL, 6, 1, 2, 6, 1, 1, '2019-11-08 16:08:43', '2019-11-08 16:08:43'),
(108, 1, 'Barakankra ', 4, 0, NULL, 6, 1, 2, 6, 1, 1, '2019-11-08 16:08:43', '2019-11-08 16:08:43'),
(109, 1, 'Birbansh ', 4, 0, NULL, 6, 1, 2, 6, 1, 1, '2019-11-08 16:09:56', '2019-11-08 16:09:56'),
(110, 1, 'Burudih ', 4, 0, NULL, 6, 1, 2, 6, 1, 1, '2019-11-08 16:09:56', '2019-11-08 16:09:56'),
(111, 1, 'Chamaru ', 4, 0, NULL, 6, 1, 2, 6, 1, 1, '2019-11-08 16:11:00', '2019-11-08 16:11:00'),
(112, 1, 'Chotagamaharia ', 4, 0, NULL, 6, 1, 2, 6, 1, 1, '2019-11-08 16:11:00', '2019-11-08 16:11:00'),
(113, 1, 'Dodra ', 4, 0, NULL, 6, 1, 2, 6, 1, 1, '2019-11-08 16:12:05', '2019-11-08 16:12:05'),
(114, 1, 'Dugdha ', 4, 0, NULL, 6, 1, 2, 6, 1, 1, '2019-11-08 16:12:05', '2019-11-08 16:12:05'),
(115, 1, 'Dugni ', 4, 0, NULL, 6, 1, 2, 6, 1, 1, '2019-11-08 16:13:09', '2019-11-08 16:13:09'),
(116, 1, 'Dumra ', 4, 0, NULL, 6, 1, 2, 6, 1, 1, '2019-11-08 16:13:09', '2019-11-08 16:13:09'),
(117, 1, 'Itagarh ', 4, 0, NULL, 6, 1, 2, 6, 1, 1, '2019-11-08 16:14:59', '2019-11-08 16:14:59'),
(118, 1, 'Jagganathpur ', 4, 0, NULL, 6, 1, 2, 6, 1, 1, '2019-11-08 16:14:59', '2019-11-08 16:14:59'),
(119, 1, 'Jaikan ', 4, 0, NULL, 6, 1, 2, 6, 1, 1, '2019-11-08 16:16:24', '2019-11-08 16:16:24'),
(120, 1, 'Kalikapur ', 4, 0, NULL, 6, 1, 2, 6, 1, 1, '2019-11-08 16:16:24', '2019-11-08 16:16:24'),
(121, 1, 'Kandra ', 4, 0, NULL, 6, 1, 2, 6, 1, 1, '2019-11-08 16:17:39', '2019-11-08 16:17:39'),
(122, 1, 'Muria ', 4, 0, NULL, 6, 1, 2, 6, 1, 1, '2019-11-08 16:17:39', '2019-11-08 16:17:39'),
(123, 1, 'Narayanpur ', 4, 0, NULL, 6, 1, 2, 6, 1, 1, '2019-11-08 16:18:48', '2019-11-08 16:18:48'),
(124, 1, 'Nuwagarh ', 4, 0, NULL, 6, 1, 2, 6, 1, 1, '2019-11-08 16:18:48', '2019-11-08 16:18:48'),
(125, 1, 'Rapcha ', 4, 0, NULL, 6, 1, 2, 6, 1, 1, '2019-11-08 16:20:23', '2019-11-08 16:20:23'),
(126, 1, 'Tentoposi ', 4, 0, NULL, 6, 1, 2, 6, 1, 1, '2019-11-08 16:20:23', '2019-11-08 16:20:23'),
(127, 1, 'Yashpur ', 4, 0, NULL, 6, 1, 2, 6, 1, 1, '2019-11-08 16:21:49', '2019-11-08 16:21:49'),
(128, 1, 'Asanboni ', 4, 0, NULL, 9, 1, 3, 9, 1, 1, '2019-11-08 16:21:49', '2019-11-08 16:21:49'),
(129, 1, 'Bhadudih ', 4, 0, NULL, 9, 1, 3, 9, 1, 1, '2019-11-08 16:23:58', '2019-11-08 16:23:58'),
(130, 1, 'Chandil', 4, 0, NULL, 9, 1, 3, 9, 1, 1, '2019-11-08 16:23:58', '2020-01-19 01:04:34'),
(131, 1, 'Chilgu ', 4, 0, NULL, 9, 1, 3, 9, 1, 1, '2019-11-08 16:25:31', '2019-11-08 16:25:31'),
(132, 1, 'Chowka ', 4, 0, NULL, 9, 1, 3, 9, 1, 1, '2019-11-08 16:25:31', '2019-11-08 16:25:31'),
(133, 1, 'Chowlibasa ', 4, 0, NULL, 9, 1, 3, 9, 1, 1, '2019-11-08 16:26:21', '2019-11-08 16:26:21'),
(134, 1, 'Dhunaburu ', 4, 0, NULL, 9, 1, 3, 9, 1, 1, '2019-11-08 16:26:21', '2019-11-08 16:26:21'),
(135, 1, 'Ghoranegi ', 4, 0, NULL, 9, 1, 3, 9, 1, 1, '2019-11-08 16:27:18', '2019-11-08 16:27:18'),
(136, 1, 'Hensakocha ', 4, 0, NULL, 9, 1, 3, 9, 1, 1, '2019-11-08 16:27:18', '2019-11-08 16:27:18'),
(137, 1, 'Jhabri ', 4, 0, NULL, 9, 1, 3, 9, 1, 1, '2019-11-08 16:28:41', '2019-11-08 16:28:41'),
(138, 1, 'Kapali_NE', 4, 0, NULL, 9, 1, 3, 9, 1, 1, '2019-11-08 16:28:41', '2019-11-08 16:28:41'),
(139, 1, 'Kapali_NW', 4, 0, NULL, 9, 1, 3, 9, 1, 1, '2019-11-08 16:29:47', '2019-11-08 16:29:47'),
(140, 1, 'Kapali_SE', 4, 0, NULL, 9, 1, 3, 9, 1, 1, '2019-11-08 16:29:47', '2019-11-08 16:29:47'),
(141, 1, 'Kapali_SW', 4, 0, NULL, 9, 1, 3, 9, 1, 1, '2019-11-08 16:30:41', '2019-11-08 16:30:41'),
(142, 1, 'Khunti ', 4, 0, NULL, 9, 1, 3, 9, 1, 1, '2019-11-08 16:30:41', '2019-11-08 16:30:41'),
(143, 1, 'Matkamdih ', 4, 0, NULL, 9, 1, 3, 9, 1, 1, '2019-11-08 16:31:46', '2019-11-08 16:31:46'),
(144, 1, 'Rasuniya ', 4, 0, NULL, 9, 1, 3, 9, 1, 1, '2019-11-08 16:31:46', '2019-11-08 16:31:46'),
(145, 1, 'Ruchap ', 4, 0, NULL, 9, 1, 3, 9, 1, 1, '2019-11-08 16:32:45', '2019-11-08 16:32:45'),
(146, 1, 'Rudiya ', 4, 0, NULL, 9, 1, 3, 9, 1, 1, '2019-11-08 16:32:45', '2019-11-08 16:32:45'),
(147, 1, 'Tamoliya ', 4, 0, NULL, 9, 1, 3, 9, 1, 1, '2019-11-08 16:34:02', '2019-11-08 16:34:02'),
(148, 1, 'Urmal\r\n', 4, 0, NULL, 9, 1, 3, 9, 1, 1, '2019-11-08 16:34:02', '2019-11-08 16:34:02');

-- --------------------------------------------------------

--
-- Table structure for table `language`
--

CREATE TABLE `language` (
  `id` int(11) NOT NULL,
  `languageTitle` varchar(100) DEFAULT NULL,
  `languageUniversal` varchar(100) CHARACTER SET latin1 DEFAULT NULL,
  `languagePhrases` text DEFAULT NULL,
  `isRTL` int(11) DEFAULT NULL,
  `orderby` int(11) DEFAULT NULL,
  `status` int(11) DEFAULT NULL,
  `user_id` int(11) DEFAULT NULL
) ENGINE=InnoDB DEFAULT CHARSET=utf8;

--
-- Dumping data for table `language`
--

INSERT INTO `language` (`id`, `languageTitle`, `languageUniversal`, `languagePhrases`, `isRTL`, `orderby`, `status`, `user_id`) VALUES
(1, 'English', 'En', '{\r\n	\"setting\": \"Settings\",\r\n	\"user\": \"Users\",\r\n	\"geo_struture\": \"Geo Struture\",\r\n	\"department\": \"Departments\",\r\n	\"designation\": \"Designations\",\r\n	\"scheme_type\": \"Scheme Types\",\r\n	\"scheme_group\": \"Scheme Groups\",\r\n	\"resource_catagory\": \"Resource Catagory\",\r\n	\"resourcesub_catagory\": \"Resource Sub Catagory\",\r\n	\"module\": \"Modules\",\r\n	\"designation_permission\": \"Designation Permission\",\r\n	\"favorite\": \"Favorites\",\r\n	\"review\": \"Reviews\",\r\n	\"resource_review\": \"Resources Review\",\r\n	\"group_review\": \"Group Review\",\r\n	\"scheme\": \"Schemes\",\r\n	\"my\":\"MY\",\r\n	\"define_scheme\": \"Define Scheme\",\r\n	\"scheme_assets\": \"Scheme Assets\",\r\n	\"scheme_performance\": \"Scheme Performances\",\r\n	\"resource\": \"Resources\",\r\n	\"define_resource\": \"Define Resources\",\r\n	\"resource_number\": \"Resources Numbers\",\r\n	\"user_details\": \"User Details\",\r\n	\"add_users\": \"Add Users\",\r\n	\"title\": \"Title\",\r\n	\"f_name\": \"First Name\",\r\n	\"m_name\": \"Middle Name\",\r\n	\"l_name\": \"Last Name \",\r\n	\"organisation\": \"Organisation\",\r\n	\"start_date\": \"Start Date\",\r\n	\"end_date\": \" End Date\",\r\n	\"email_id\": \"Email Id\",\r\n	\"user_name\": \"User Name \",\r\n	\"password\": \"Password\",\r\n	\"conf_password\": \"Confirm Password\",\r\n	\"mobile_no\": \"Mobile No\",\r\n	\"address\": \"Address\",\r\n	\"sts\": \"Status\",\r\n	\"submit\": \"Submit\",\r\n	\"cancel\": \"Cancel\",\r\n	\"district\": \"District\",\r\n	\"block\": \"Block\",\r\n	\"sub_divisin\": \"Sub Division\",\r\n	\"panchayat\": \"Panchayat\",\r\n	\"level\": \"Level\",\r\n	\"name\": \"Name\",\r\n	\"village\": \"Village\",\r\n	\"parent\": \"Parent\",\r\n	\"action\": \"Action\",\r\n	\"send_email\": \"Send Email\",\r\n	\"print\": \"Print\",\r\n	\"export_excel\": \"Export Excel\",\r\n	\"export_pdf\": \"Export Pdf\",\r\n	\"add\": \"Add\",\r\n	\"geo_name\": \"Geo Name\",\r\n	\"officer\": \"Officer\",\r\n	\"save\": \"Save\",\r\n	\"reset\": \"Reset\",\r\n	\"back\": \"Back\",\r\n	\"no_of_viilage\": \"No Of Viilage\",\r\n	\"icon\": \"Icon\",\r\n	\"department_name\": \"Department Name\",\r\n	\"import_excel\": \"Import Excel\",\r\n	\"file_to_import\": \"File To Import\",\r\n	\"import\": \"Import\",\r\n	\"deprt_import_review\": \"Department Import Review\",\r\n	\"organisation_name\": \"Organisation Name\",\r\n	\"date\": \"Date\",\r\n	\"is_active\": \"Is Active\",\r\n	\"year\": \"Year\",\r\n	\"from\": \"From\",\r\n	\"to\": \"To\",\r\n	\"cc\": \"CC\",\r\n	\"subject\": \"Subject\",\r\n	\"close\": \"Close\",\r\n	\"send\": \"Send\",\r\n	\"define_designation\": \"Define Designation\",\r\n	\"scheme_name\": \"Scheme Name\",\r\n	\"group\": \"Group\",\r\n	\"group_name\": \"Group Name\",\r\n	\"resource_category_name\": \"Resource Category Name\",\r\n	\"type\": \"Type\",\r\n	\"resource_category_description\": \"Resource Category Description\",\r\n	\"sub_catagory\": \"Sub Catagory\",\r\n	\"resource_subcategory_name\": \"Resource Subcategory Name\",\r\n	\"resource_subcategory_description\": \"Resource Subcategory Description\",\r\n	\"module_name\": \"Module Name\",\r\n	\"dc\": \"DC\",\r\n	\"sdo\": \"SDO\",\r\n	\"bdo\": \"BDO\",\r\n	\"po\": \"PO\",\r\n	\"edit\": \"Edit\",\r\n	\"view\": \"View\",\r\n	\"delete\": \"Delete\",\r\n	\"scheme_review\": \"Scheme Review\",\r\n	\"add_favourites_details\": \"Add Favourites Details\",\r\n	\"define_assets\": \"Define Asset\",\r\n	\"assets_name\": \"Asset Name\",\r\n	\"name_of_panchayat\": \"Name of Panchayat\",\r\n	\"name_of_block\": \"Name OF Block\",\r\n	\"short_name\": \"Short Name\",\r\n	\"search\": \"Search\",\r\n	\"kukru\": \"Kukru\",\r\n	\"nimdih\": \"Nimdih\",\r\n	\"ichagrah\": \"Ichagrah\",\r\n	\"chandil\": \"Chandil\",\r\n	\"rajnagar\": \"Rajnagar\",\r\n	\"seraikela\": \"Seraikela\",\r\n	\"gamharia\": \"Gamharia\",\r\n	\"kharsawan\": \"Kharsawan\",\r\n	\"kuchai\": \"Kuchai\",\r\n	\"change\": \"Change\",\r\n	\"scheme_logo\": \"Scheme Logo\",\r\n	\"single_asset\": \"Single Asset\",\r\n	\"muitiple_asset\": \"Multiple Asset\",\r\n	\"select_asset\": \"Select Asset\",\r\n	\"attributes\": \"ATTRIBUTES\",\r\n	\"description\": \"Descriptions\",\r\n	\"attachment\": \"Attachment\",\r\n	\"map_marker_icon\": \"Map Marker Icon\",\r\n	\"scheme_detail\": \"Scheme Details\",\r\n	\"map_marker\": \"Map Marker\",\r\n	\"asset\": \"Assets\",\r\n	\"geo_related\": \"Geo Related\",\r\n	\"multiple_geo_tags\": \"Multiple Geo Tags\",\r\n	\"mandatory\": \"Mandatory\",\r\n	\"uom\": \"UOM\",\r\n	\"no_of_tags\": \"Number of Tags\",\r\n	\"enter_datas\": \"Enter Datas\",\r\n	\"data_saved\": \"Data Saved\",\r\n	\"target\": \"Targets\",\r\n	\"change_target\": \"Change Target\",\r\n	\"sl\": \"Sl No.\",\r\n	\"schemeGeoTarget\": \"Scheme Geo Targets\",\r\n	\"currentBlockTarget\": \"Current Block Targets\",\r\n	\"newBlockTarget\": \"New Block Target\",\r\n	\"catagory\": \"Catagory\",\r\n	\"current_value\": \"Current Values\",\r\n	\"previous_value\": \"Previous Values\",\r\n	\"selectToDelete\": \"Select To Delete\",\r\n	\"location_Landmark\": \"Locations/Landmarks\",\r\n	\"latitude\": \"Latitude\",\r\n	\"longitude\": \"Longitude\",\r\n	\"resource_locations\": \"Resource Locations\",\r\n	\"no_of_scheme\": \"No.of Scheme\",\r\n	\"no_of_resources\": \"No. of Resources\",\r\n	\"health\": \"Health\",\r\n	\"my\": \"My\",\r\n	\"education\": \"Education\",\r\n	\"land_revenue\": \"Land & revenue\",\r\n	\"welfare\": \"Welfare\",\r\n	\"landAcquisition\": \"Land Acquisition\",\r\n	\"election\": \"Election\",\r\n	\"agriculture\": \"Agriculture\",\r\n	\"socialWelfare\": \"Social Welfare\",\r\n	\"drinkingWaterAndSanitation\": \"Drinking Water and Sanitation\",\r\n	\"socialSecurityScheme\": \"Social Security Scheme\",\r\n	\"map_of_saraikela\": \"Map of Seraikela\",\r\n        \"scheme_Performance\": \"Scheme Performance\",\r\n        \"spans_across_borders\": \"Spans Across Borders?\",\r\n        \"radius\": \"Radius\",\r\n        \"select\": \"Select\",\r\n        \"downloadFormatWithLocation\": \"Download Format With Location\",\r\n	\"downloadFormat\": \"Download Format\",\r\n        \"profilePicture\": \"Profile Picture\",\r\n        \"edit_profile\": \"Edit Profile\",\r\n	\"changePassword\": \"Change Password\",\r\n	\"new_pass\": \"New Password\",\r\n	\"conf_pass\": \"Confirm Password\",\r\n        \"uom_type\": \"UoM Type\"\r\n\r\n\r\n\r\n\r\n}', NULL, 0, 1, NULL),
(2, 'Hindi()', 'Hin', '{\r\n	\"setting\": \"\",\r\n	\"user\": \"\",\r\n	\"geo_struture\": \" \",\r\n	\"department\": \"\",\r\n	\"designation\": \"\",\r\n	\"scheme_type\": \" \",\r\n	\"scheme_group\": \" \",\r\n	\"resource_catagory\": \" \",\r\n	\"resourcesub_catagory\": \" \",\r\n	\"module\": \"\",\r\n	\"designation_permission\": \" \",\r\n	\"favorite\": \"\",\r\n	\"review\": \"\",\r\n	\"resource_review\": \" \",\r\n	\"group_review\": \" \",\r\n	\"scheme\": \"\",\r\n	\"define_scheme\": \" \",\r\n	\"scheme_assets\": \" \",\r\n	\"scheme_performance\": \" \",\r\n	\"resource\": \"\",\r\n	\"define_resource\": \" \",\r\n	\"resource_number\": \" \",\r\n	\"user_details\": \" \",\r\n	\"add_users\": \" \",\r\n	\"title\": \"\",\r\n	\"f_name\": \" \",\r\n	\"m_name\": \" \",\r\n	\"l_name\": \" \",\r\n	\"organisation\": \"\",\r\n	\"start_date\": \" \",\r\n	\"end_date\": \" \",\r\n	\"email_id\": \"\",\r\n	\"user_name\": \" \",\r\n	\"password\": \"\",\r\n	\"conf_password\": \" \",\r\n	\"mobile_no\": \" \",\r\n	\"address\": \"\",\r\n	\"sts\": \"\",\r\n	\"submit\": \"\",\r\n	\"cancel\": \"\",\r\n	\"district\": \"\",\r\n	\"block\": \"\",\r\n	\"sub_divisin\": \" \",\r\n	\"panchayat\": \"\",\r\n	\"level\": \"\",\r\n	\"name\": \"\",\r\n	\"village\": \"\",\r\n	\"parent\": \"\",\r\n	\"action\": \"\",\r\n	\"send_email\": \" \",\r\n	\"print\": \"\",\r\n	\"export_excel\": \" \",\r\n	\"export_pdf\": \" \",\r\n	\"add\": \"\",\r\n	\"geo_name\": \" \",\r\n	\"officer\": \"\",\r\n	\"save\": \"\",\r\n	\"reset\": \"\",\r\n	\"back\": \"\",\r\n	\"no_of_viilage\": \"  \",\r\n	\"icon\": \"\",\r\n	\"department_name\": \" \",\r\n	\"import_excel\": \" \",\r\n	\"file_to_import\": \"  \",\r\n	\"import\": \"\",\r\n	\"deprt_import_review\": \"  \",\r\n	\"organisation_name\": \" \",\r\n	\"date\": \"\",\r\n	\"is_active\": \" \",\r\n	\"year\": \"\",\r\n	\"from\": \"\",\r\n	\"to\": \"\",\r\n	\"cc\": \"\",\r\n	\"subject\": \"\",\r\n	\"close\": \"\",\r\n	\"send\": \"\",\r\n	\"define_designation\": \" \",\r\n	\"scheme_name\": \" \",\r\n	\"group\": \"\",\r\n	\"group_name\": \" \",\r\n	\"resource_category_name\": \"  \",\r\n	\"type\": \"\",\r\n	\"resource_category_description\": \"  \",\r\n	\"sub_catagory\": \" \",\r\n	\"resource_subcategory_name\": \"   \",\r\n	\"resource_subcategory_description\": \"   \",\r\n	\"module_name\": \" \",\r\n	\"dc\": \"\",\r\n	\"sdo\": \"\",\r\n	\"bdo\": \"\",\r\n	\"po\": \"\",\r\n	\"edit\": \"\",\r\n	\"view\": \"\",\r\n	\"delete\": \"\",\r\n	\"scheme_review\": \" \",\r\n	\"add_favourites_details\": \" \",\r\n	\"define_assets\": \" \",\r\n	\"assets_name\": \" \",\r\n	\"name_of_panchayat\": \"  \",\r\n	\"name_of_block\": \"  \",\r\n	\"short_name\": \" \",\r\n	\"search\": \"\",\r\n	\"tabular_view\": \"- \",\r\n	\"map_view\": \" \",\r\n	\"kukru\": \"\",\r\n	\"nimdih\": \"\",\r\n	\"ichagrah\": \"\",\r\n	\"chandil\": \"\",\r\n	\"rajnagar\": \"\",\r\n	\"seraikela\": \"\",\r\n	\"gamharia\": \"\",\r\n	\"kharsawan\": \"\",\r\n	\"kuchai\": \"\",\r\n	\"change\": \"\",\r\n	\"scheme_logo\": \" \",\r\n	\"single_asset\": \" \",\r\n	\"muitiple_asset\": \" \",\r\n	\"select_asset\": \" \",\r\n	\"attributes\": \"\",\r\n	\"description\": \"\",\r\n	\"attachment\": \"\",\r\n	\"map_marker_icon\": \"  \",\r\n	\"scheme_detail\": \" \",\r\n	\"map_marker\": \" \",\r\n	\"asset\": \"\",\r\n	\"geo_related\": \" \",\r\n	\"multiple_geo_tags\": \"  \",\r\n	\"mandatory\": \"\",\r\n	\"uom\": \"\",\r\n	\"no_of_tags\": \"  \",\r\n	\"enter_datas\": \" \",\r\n	\"data_saved\": \" \",\r\n	\"target\": \"\",\r\n	\"change_target\": \" \",\r\n	\"sl\": \"\",\r\n	\"schemeGeoTarget\": \"  \",\r\n	\"currentBlockTarget\": \"  \",\r\n	\"newBlockTarget\": \"  \",\r\n	\"catagory\": \"\",\r\n	\"current_value\": \" \",\r\n	\"previous_value\": \" \",\r\n	\"selectToDelete\": \"  \",\r\n	\"location_Landmark\": \"/ \",\r\n	\"latitude\": \"\",\r\n	\"longitude\": \"\",\r\n	\"resource_locations\": \" \",\r\n	\"next\": \"\",\r\n	\"no_of_scheme\": \"  \",\r\n	\"no_of_resources\": \"  \",\r\n	\"health\": \"\",\r\n	\"education\": \"\",\r\n	\"land_revenue\": \" \",\r\n	\"welfare\": \"\",\r\n	\"landAcquisition\": \" \",\r\n	\"election\": \"\",\r\n	\"agriculture\": \"\",\r\n	\"socialWelfare\": \" \",\r\n	\"drinkingWaterAndSanitation\": \"  \",\r\n	\"socialSecurityScheme\": \"  \",\r\n	\"map_of_saraikela\": \"  \",\r\n        \"scheme_Performance\": \" \",\r\n        \"spans_across_borders\": \"  \",\r\n        \"radius\": \"\",\r\n        \"select\": \"\",\r\n        \"downloadFormatWithLocation\": \"    \",\r\n	\"downloadFormat\": \" \",\r\n        \"profilePicture\": \" \",\r\n        \"edit_profile\": \" \",\r\n	\"changePassword\": \" \",\r\n	\"edit_profile\": \" \",\r\n	\"changePassword\": \" \",\r\n        \"new_pass\": \" \",\r\n	\"conf_pass\": \" \",\r\n        \"uom_type\": \" \"\r\n\r\n\r\n\r\n\r\n\r\n\r\n\r\n}', NULL, 0, 0, NULL);

-- --------------------------------------------------------

--
-- Table structure for table `level`
--

CREATE TABLE `level` (
  `level_id` int(11) NOT NULL,
  `level_name` varchar(50) NOT NULL,
  `parent_level_id` int(11) NOT NULL,
  `org_id` int(11) NOT NULL,
  `created_by` int(11) NOT NULL,
  `updated_by` int(11) NOT NULL,
  `created_at` timestamp NOT NULL DEFAULT current_timestamp(),
  `updated_at` timestamp NOT NULL DEFAULT current_timestamp()
) ENGINE=InnoDB DEFAULT CHARSET=utf8mb4;

--
-- Dumping data for table `level`
--

INSERT INTO `level` (`level_id`, `level_name`, `parent_level_id`, `org_id`, `created_by`, `updated_by`, `created_at`, `updated_at`) VALUES
(1, 'District', -1, 1, 1, 1, '2019-11-08 11:54:52', '2019-11-08 11:54:52'),
(2, 'Sub Division', 1, 1, 1, 1, '2019-11-08 11:54:52', '2019-11-08 11:54:52'),
(3, 'Block', 2, 1, 1, 1, '2019-11-08 11:57:19', '2019-11-08 11:57:19'),
(4, 'Panchayat', 3, 1, 1, 1, '2019-11-08 11:57:19', '2019-11-08 11:57:19');

-- --------------------------------------------------------

--
-- Table structure for table `mgnrega_category`
--

CREATE TABLE `mgnrega_category` (
  `mgnrega_category_id` int(11) NOT NULL,
  `mgnrega_category_name` varchar(255) DEFAULT NULL,
  `created_by` int(11) DEFAULT NULL,
  `updated_by` int(11) DEFAULT NULL,
  `status` int(11) DEFAULT NULL,
  `created_at` timestamp NOT NULL DEFAULT current_timestamp(),
  `updated_at` timestamp NOT NULL DEFAULT current_timestamp()
) ENGINE=InnoDB DEFAULT CHARSET=latin1;

--
-- Dumping data for table `mgnrega_category`
--

INSERT INTO `mgnrega_category` (`mgnrega_category_id`, `mgnrega_category_name`, `created_by`, `updated_by`, `status`, `created_at`, `updated_at`) VALUES
(2, 'Rural Infrastructure', 1, 1, NULL, '2019-12-31 03:21:55', '2019-12-31 03:21:55'),
(3, 'Bharat Nirman Rajeev Gandhi Sewa Kendra', 1, 1, NULL, '2019-12-31 03:22:08', '2019-12-31 03:22:08'),
(4, 'Coastal Areas', 1, 1, NULL, '2019-12-31 03:22:21', '2019-12-31 03:22:21'),
(5, 'Drought Proofing', 1, 1, NULL, '2019-12-31 03:22:36', '2019-12-31 03:22:36'),
(6, 'Land Development', 1, 1, NULL, '2019-12-31 03:22:50', '2019-12-31 03:22:50'),
(7, 'Rural Drinking Water', 1, 1, NULL, '2019-12-31 03:23:08', '2019-12-31 03:23:08'),
(8, 'Rural Sanitation', 1, 1, NULL, '2019-12-31 03:23:20', '2019-12-31 03:23:20'),
(9, 'Works on Individuals Land', 1, 1, NULL, '2019-12-31 03:23:35', '2019-12-31 03:23:35');

-- --------------------------------------------------------

--
-- Table structure for table `mgnrega_performance`
--

CREATE TABLE `mgnrega_performance` (
  `mgnrega_performance_id` bigint(20) NOT NULL,
  `subdivision_id` int(11) NOT NULL,
  `block_id` int(11) NOT NULL,
  `panchayat_id` int(11) NOT NULL,
  `year_id` int(11) NOT NULL,
  `title` varchar(300) NOT NULL COMMENT 'work name',
  `mgnrega_category_id` int(11) NOT NULL,
  `sanction_no` varchar(100) NOT NULL,
  `status` int(11) NOT NULL COMMENT '1=>approved, 2=>ongoing, 3=>completed',
  `latitude` varchar(345) NOT NULL,
  `longitude` varchar(345) NOT NULL,
  `financial_expenditure` varchar(345) NOT NULL,
  `employment_generation` varchar(345) NOT NULL,
  `created_by` int(11) NOT NULL,
  `updated_by` int(11) NOT NULL,
  `created_at` timestamp NOT NULL DEFAULT current_timestamp(),
  `updated_at` timestamp NOT NULL DEFAULT current_timestamp()
) ENGINE=InnoDB DEFAULT CHARSET=utf8mb4;

-- --------------------------------------------------------

--
-- Table structure for table `migrations`
--

CREATE TABLE `migrations` (
  `id` int(10) UNSIGNED NOT NULL,
  `migration` varchar(255) COLLATE utf8mb4_unicode_ci NOT NULL,
  `batch` int(11) NOT NULL
) ENGINE=InnoDB DEFAULT CHARSET=utf8mb4 COLLATE=utf8mb4_unicode_ci;

--
-- Dumping data for table `migrations`
--

INSERT INTO `migrations` (`id`, `migration`, `batch`) VALUES
(1, '2014_10_12_000000_create_users_table', 1),
(2, '2014_10_12_100000_create_password_resets_table', 1),
(3, '2016_06_01_000001_create_oauth_auth_codes_table', 2),
(4, '2016_06_01_000002_create_oauth_access_tokens_table', 2),
(5, '2016_06_01_000003_create_oauth_refresh_tokens_table', 2),
(6, '2016_06_01_000004_create_oauth_clients_table', 2),
(7, '2016_06_01_000005_create_oauth_personal_access_clients_table', 2);

-- --------------------------------------------------------

--
-- Table structure for table `module`
--

CREATE TABLE `module` (
  `mod_id` int(11) NOT NULL,
  `mod_name` varchar(100) NOT NULL,
  `created_by` int(11) NOT NULL,
  `updated_by` int(11) NOT NULL,
  `created_at` timestamp NOT NULL DEFAULT current_timestamp(),
  `updated_at` timestamp NOT NULL DEFAULT current_timestamp()
) ENGINE=InnoDB DEFAULT CHARSET=utf8mb4;

--
-- Dumping data for table `module`
--

INSERT INTO `module` (`mod_id`, `mod_name`, `created_by`, `updated_by`, `created_at`, `updated_at`) VALUES
(1, 'user', 1, 1, '2020-01-10 00:59:30', '2020-01-10 00:59:30'),
(2, 'department', 1, 1, '2020-01-10 00:59:58', '2020-01-10 00:59:58'),
(3, 'year', 1, 1, '2020-01-10 01:00:13', '2020-01-10 01:00:13'),
(4, 'uom', 1, 1, '2020-01-10 01:00:24', '2020-01-10 01:00:24'),
(5, 'designation', 1, 1, '2020-01-10 01:00:46', '2020-01-10 01:00:46'),
(6, 'scheme type', 1, 1, '2020-01-10 01:04:06', '2020-01-10 01:04:06'),
(7, 'scheme group', 1, 1, '2020-01-10 01:04:45', '2020-01-10 01:04:45'),
(8, 'resource category', 1, 1, '2020-01-10 01:05:08', '2020-01-10 01:05:08'),
(9, 'resource sub category', 1, 1, '2020-01-10 01:05:39', '2020-01-10 01:05:39'),
(10, 'module', 1, 1, '2020-01-10 01:05:48', '2020-01-10 01:05:48'),
(11, 'designation permission', 1, 1, '2020-01-10 01:06:13', '2020-01-10 01:06:13'),
(12, 'geo structure', 1, 1, '2020-01-10 02:21:58', '2020-01-10 02:21:58'),
(13, 'define resources', 1, 1, '2020-01-10 02:22:13', '2020-01-10 02:22:13'),
(14, 'resources number', 1, 1, '2020-01-10 02:22:23', '2020-01-10 02:22:23'),
(15, 'define scheme', 1, 1, '2020-01-10 02:22:34', '2020-01-10 02:22:34'),
(16, 'scheme assets', 1, 1, '2020-01-10 02:22:50', '2020-01-10 02:22:50'),
(17, 'scheme geo target', 1, 1, '2020-01-10 02:23:01', '2020-01-10 02:23:01'),
(18, 'scheme performance', 1, 1, '2020-01-10 02:23:12', '2020-01-10 02:23:12'),
(19, 'resources review', 1, 1, '2020-01-10 02:23:22', '2020-01-10 02:23:22'),
(20, 'scheme review', 1, 1, '2020-01-10 02:23:32', '2020-01-10 02:23:32'),
(21, 'group review', 1, 1, '2020-01-10 02:23:41', '2020-01-10 02:23:41'),
(22, 'favourite', 1, 1, '2020-01-10 02:23:53', '2020-01-10 02:23:53');

-- --------------------------------------------------------

--
-- Table structure for table `oauth_access_tokens`
--

CREATE TABLE `oauth_access_tokens` (
  `id` varchar(100) COLLATE utf8mb4_unicode_ci NOT NULL,
  `user_id` bigint(20) DEFAULT NULL,
  `client_id` int(10) UNSIGNED NOT NULL,
  `name` varchar(255) COLLATE utf8mb4_unicode_ci DEFAULT NULL,
  `scopes` text COLLATE utf8mb4_unicode_ci DEFAULT NULL,
  `revoked` tinyint(1) NOT NULL,
  `created_at` timestamp NULL DEFAULT NULL,
  `updated_at` timestamp NULL DEFAULT NULL,
  `expires_at` datetime DEFAULT NULL
) ENGINE=InnoDB DEFAULT CHARSET=utf8mb4 COLLATE=utf8mb4_unicode_ci;

--
-- Dumping data for table `oauth_access_tokens`
--

INSERT INTO `oauth_access_tokens` (`id`, `user_id`, `client_id`, `name`, `scopes`, `revoked`, `created_at`, `updated_at`, `expires_at`) VALUES
('077e1e0505e3cc4a6378ce6152a43c1dd976272e22ca81d82d89d5e1da46a9d5f6240498adc82bb8', 20, 1, 'MyApp', '[]', 1, '2020-01-31 06:09:23', '2020-01-31 06:09:23', '2021-01-31 11:39:23'),
('0ea782a7d1ce8e5e419800b89635d423624b2ed8f912869baee6d9ade9726219b2b0f501383a0929', 20, 1, 'MyApp', '[]', 0, '2020-01-31 06:26:51', '2020-01-31 06:26:51', '2021-01-31 11:56:51'),
('1e14d2a4c5e37b27b6df44f5c9a153ac3ed813c9e69e600d0e99d6d781af54ff223a3c901c190f1f', 20, 1, 'MyApp', '[]', 0, '2020-01-31 06:27:38', '2020-01-31 06:27:38', '2021-01-31 11:57:38'),
('3050984cd646e3e1d76c868c092776d7141f21a1a926a1b03282472090b10e2e4270d76acb4e43a9', 20, 1, 'MyApp', '[]', 0, '2020-01-31 06:26:12', '2020-01-31 06:26:12', '2021-01-31 11:56:12'),
('3cb47d99e596679b490d0187f14cf37f7b1fdc248e4a248d4822749059f891257ac0253fbf950f10', 20, 1, 'MyApp', '[]', 0, '2020-01-31 06:27:12', '2020-01-31 06:27:12', '2021-01-31 11:57:12'),
('865bc2a7a3af0b680fb97197d5ad0e3d4966264515126e93992d775f6ed5b5d114c4a07886855920', 20, 1, 'MyApp', '[]', 0, '2020-01-31 06:26:27', '2020-01-31 06:26:27', '2021-01-31 11:56:27'),
('8b649db34feb124325e14321e1c36c90df10420176165bf021689d1d2f2507bf7f36167ae7ea49a6', 25, 1, 'MyApp', '[]', 1, '2020-01-31 06:33:06', '2020-01-31 06:33:06', '2021-01-31 12:03:06'),
('a9ec35c8a1e6c901b479bc4d46dd06a2c12ccaddac3c12527c93b27b9d6c71ccd48e533d5543cac5', 25, 1, 'MyApp', '[]', 0, '2020-01-31 06:31:36', '2020-01-31 06:31:36', '2021-01-31 12:01:36'),
('ce3814c13b261ecf3f1b39a0b837aa4ff80f195050764be24dc3d241801eaf62f9cf8b4e7de652f2', 25, 1, 'MyApp', '[]', 0, '2020-01-31 06:31:33', '2020-01-31 06:31:33', '2021-01-31 12:01:33'),
('d43d4caa04a6d4ba2ad7b9de48114a06f071cb1e3a337da3b9c10fd9403e107eb3e7c09538fcb0f1', 20, 1, 'MyApp', '[]', 0, '2020-01-31 06:26:40', '2020-01-31 06:26:40', '2021-01-31 11:56:40'),
('d5eeed053a0c1a56cd53212a39c1e44d9730b900b118d3202ec54fe02cd11106e55d16dcaf58c84f', 20, 1, 'MyApp', '[]', 1, '2020-01-31 06:08:00', '2020-01-31 06:08:00', '2021-01-31 11:38:00');

-- --------------------------------------------------------

--
-- Table structure for table `oauth_auth_codes`
--

CREATE TABLE `oauth_auth_codes` (
  `id` varchar(100) COLLATE utf8mb4_unicode_ci NOT NULL,
  `user_id` bigint(20) NOT NULL,
  `client_id` int(10) UNSIGNED NOT NULL,
  `scopes` text COLLATE utf8mb4_unicode_ci DEFAULT NULL,
  `revoked` tinyint(1) NOT NULL,
  `expires_at` datetime DEFAULT NULL
) ENGINE=InnoDB DEFAULT CHARSET=utf8mb4 COLLATE=utf8mb4_unicode_ci;

-- --------------------------------------------------------

--
-- Table structure for table `oauth_clients`
--

CREATE TABLE `oauth_clients` (
  `id` int(10) UNSIGNED NOT NULL,
  `user_id` bigint(20) DEFAULT NULL,
  `name` varchar(255) COLLATE utf8mb4_unicode_ci NOT NULL,
  `secret` varchar(100) COLLATE utf8mb4_unicode_ci NOT NULL,
  `redirect` text COLLATE utf8mb4_unicode_ci NOT NULL,
  `personal_access_client` tinyint(1) NOT NULL,
  `password_client` tinyint(1) NOT NULL,
  `revoked` tinyint(1) NOT NULL,
  `created_at` timestamp NULL DEFAULT NULL,
  `updated_at` timestamp NULL DEFAULT NULL
) ENGINE=InnoDB DEFAULT CHARSET=utf8mb4 COLLATE=utf8mb4_unicode_ci;

--
-- Dumping data for table `oauth_clients`
--

INSERT INTO `oauth_clients` (`id`, `user_id`, `name`, `secret`, `redirect`, `personal_access_client`, `password_client`, `revoked`, `created_at`, `updated_at`) VALUES
(1, NULL, 'dsrm_personal_access_client', 'AsTVAvwPgY6utbZcRZke1wQIEJXtv8fO23G2vIz3', 'http://localhost', 1, 0, 0, '2020-01-31 03:51:14', '2020-01-31 03:51:14');

-- --------------------------------------------------------

--
-- Table structure for table `oauth_personal_access_clients`
--

CREATE TABLE `oauth_personal_access_clients` (
  `id` int(10) UNSIGNED NOT NULL,
  `client_id` int(10) UNSIGNED NOT NULL,
  `created_at` timestamp NULL DEFAULT NULL,
  `updated_at` timestamp NULL DEFAULT NULL
) ENGINE=InnoDB DEFAULT CHARSET=utf8mb4 COLLATE=utf8mb4_unicode_ci;

--
-- Dumping data for table `oauth_personal_access_clients`
--

INSERT INTO `oauth_personal_access_clients` (`id`, `client_id`, `created_at`, `updated_at`) VALUES
(1, 1, '2020-01-31 03:51:14', '2020-01-31 03:51:14');

-- --------------------------------------------------------

--
-- Table structure for table `oauth_refresh_tokens`
--

CREATE TABLE `oauth_refresh_tokens` (
  `id` varchar(100) COLLATE utf8mb4_unicode_ci NOT NULL,
  `access_token_id` varchar(100) COLLATE utf8mb4_unicode_ci NOT NULL,
  `revoked` tinyint(1) NOT NULL,
  `expires_at` datetime DEFAULT NULL
) ENGINE=InnoDB DEFAULT CHARSET=utf8mb4 COLLATE=utf8mb4_unicode_ci;

-- --------------------------------------------------------

--
-- Table structure for table `org`
--

CREATE TABLE `org` (
  `id` int(11) NOT NULL,
  `org_id` int(11) DEFAULT NULL,
  `users_id` int(11) DEFAULT NULL,
  `parent_id` int(11) DEFAULT NULL,
  `org_code` varchar(100) COLLATE utf8_unicode_ci DEFAULT NULL,
  `org_name` varchar(100) COLLATE utf8_unicode_ci DEFAULT NULL,
  `contact_no` varchar(20) COLLATE utf8_unicode_ci DEFAULT NULL,
  `contact_person` varchar(200) COLLATE utf8_unicode_ci DEFAULT NULL,
  `email` varchar(100) COLLATE utf8_unicode_ci DEFAULT NULL,
  `address` varchar(255) COLLATE utf8_unicode_ci DEFAULT NULL,
  `website` varchar(100) COLLATE utf8_unicode_ci DEFAULT NULL,
  `city_id` int(11) DEFAULT NULL,
  `state_id` int(11) DEFAULT NULL,
  `country_id` int(11) DEFAULT NULL,
  `zipcode` int(11) DEFAULT NULL,
  `photo` varchar(255) COLLATE utf8_unicode_ci DEFAULT NULL,
  `org_type` int(11) DEFAULT 0 COMMENT '1=''Live'' , 0=''Demo''',
  `pf_no` bigint(11) DEFAULT NULL,
  `esic_no` bigint(11) DEFAULT NULL,
  `tax_no` bigint(11) DEFAULT NULL,
  `policy_no` bigint(11) DEFAULT NULL,
  `gratuity_no` bigint(11) DEFAULT NULL,
  `start_date` date DEFAULT NULL,
  `end_date` date DEFAULT NULL,
  `is_deleted` int(11) DEFAULT 0 COMMENT '1 = ''Delete''',
  `deleted_by` int(11) DEFAULT NULL,
  `deleted_date` timestamp NULL DEFAULT NULL,
  `login_status` int(11) DEFAULT 0 COMMENT '1=''Active'' ,0=''Inactive''',
  `status` int(11) DEFAULT 0 COMMENT '1=''Active'' , 0=''Inactive''',
  `ip_address` varchar(20) COLLATE utf8_unicode_ci DEFAULT NULL,
  `created_by` int(11) DEFAULT NULL,
  `modified_by` int(11) DEFAULT NULL,
  `modified_date` timestamp NOT NULL DEFAULT current_timestamp() ON UPDATE current_timestamp(),
  `created_at` timestamp NULL DEFAULT NULL,
  `deleted_at` timestamp NULL DEFAULT NULL,
  `updated_at` timestamp NULL DEFAULT NULL
) ENGINE=InnoDB DEFAULT CHARSET=utf8 COLLATE=utf8_unicode_ci;

--
-- Dumping data for table `org`
--

INSERT INTO `org` (`id`, `org_id`, `users_id`, `parent_id`, `org_code`, `org_name`, `contact_no`, `contact_person`, `email`, `address`, `website`, `city_id`, `state_id`, `country_id`, `zipcode`, `photo`, `org_type`, `pf_no`, `esic_no`, `tax_no`, `policy_no`, `gratuity_no`, `start_date`, `end_date`, `is_deleted`, `deleted_by`, `deleted_date`, `login_status`, `status`, `ip_address`, `created_by`, `modified_by`, `modified_date`, `created_at`, `deleted_at`, `updated_at`) VALUES
(1, NULL, 58, NULL, 'ITS2132', 'thedemocompany', '9311959563', NULL, 'test@gmail.com', 'Adityapur', 'www.baba.software', 65, 11, 1, 201301, '1571918386.jpg', NULL, NULL, NULL, NULL, NULL, NULL, NULL, NULL, 0, NULL, NULL, 1, 1, '122.161.199.193', NULL, NULL, '2019-10-24 11:59:46', '2019-10-24 22:29:46', NULL, NULL),
(2, NULL, 59, NULL, 'ITS2132', 'Google', '5665656222', NULL, 'google@gmail.com', 'Ncr', 'www.google.com', 2, 35, 1, 225555, '1571918762.jpg', NULL, NULL, NULL, NULL, NULL, NULL, NULL, NULL, 0, NULL, NULL, 1, 1, '1.6.162.197', NULL, NULL, '2019-10-24 12:06:02', '2019-10-24 22:36:02', NULL, '2019-10-24 22:36:02'),
(3, NULL, 62, NULL, 'ITS2132', 'IT SCIENT', '9311959563', NULL, 'sumant@gmail.com', 'B726 Ithum Tower', 'www.itscient.com', 64, 26, 1, 201301, '1571921743.png', NULL, NULL, NULL, NULL, NULL, NULL, NULL, NULL, 0, NULL, NULL, 1, 1, '122.161.199.193', NULL, NULL, '2019-10-24 12:55:43', '2019-10-24 23:25:43', NULL, '2019-10-24 23:25:43');

-- --------------------------------------------------------

--
-- Table structure for table `organisation`
--

CREATE TABLE `organisation` (
  `org_id` int(11) NOT NULL,
  `org_name` varchar(150) NOT NULL,
  `comments` text NOT NULL,
  `created_by` int(11) NOT NULL,
  `updated_by` int(11) NOT NULL,
  `created_at` timestamp NOT NULL DEFAULT current_timestamp(),
  `updated_at` timestamp NOT NULL DEFAULT current_timestamp()
) ENGINE=InnoDB DEFAULT CHARSET=utf8mb4;

--
-- Dumping data for table `organisation`
--

INSERT INTO `organisation` (`org_id`, `org_name`, `comments`, `created_by`, `updated_by`, `created_at`, `updated_at`) VALUES
(1, 'Seraikela', 'NA', 1, 1, '2019-11-08 11:38:53', '2019-11-08 11:38:53');

-- --------------------------------------------------------

--
-- Table structure for table `password_resets`
--

CREATE TABLE `password_resets` (
  `email` varchar(255) COLLATE utf8mb4_unicode_ci NOT NULL,
  `token` varchar(255) COLLATE utf8mb4_unicode_ci NOT NULL,
  `created_at` timestamp NULL DEFAULT NULL
) ENGINE=InnoDB DEFAULT CHARSET=utf8mb4 COLLATE=utf8mb4_unicode_ci;

--
-- Dumping data for table `password_resets`
--

INSERT INTO `password_resets` (`email`, `token`, `created_at`) VALUES
('sachinkp.itscient@gmail.com', '$2y$10$xUNTzRXWYLMpzfY/nUx/wu1OMmAA2THOIageQqaEwZbcBAY02LRIa', '2019-12-20 23:32:06');

-- --------------------------------------------------------

--
-- Table structure for table `pmayg_performance`
--

CREATE TABLE `pmayg_performance` (
  `pmayg_performance_id` bigint(20) NOT NULL,
  `subdivision_id` int(11) NOT NULL,
  `block_id` int(11) NOT NULL,
  `panchayat_id` int(11) NOT NULL,
  `year_id` int(11) NOT NULL,
  `reg_no` varchar(234) NOT NULL,
  `sanction_no` varchar(234) NOT NULL,
  `sanction_amount` varchar(234) NOT NULL,
  `installment_paid` varchar(234) NOT NULL,
  `amount_released` varchar(234) NOT NULL,
  `house_status` varchar(234) NOT NULL,
  `created_by` int(11) NOT NULL,
  `updated_by` int(11) NOT NULL,
  `created_at` timestamp NOT NULL DEFAULT current_timestamp(),
  `updated_at` timestamp NOT NULL DEFAULT current_timestamp()
) ENGINE=InnoDB DEFAULT CHARSET=utf8mb4;

-- --------------------------------------------------------

--
-- Table structure for table `pmayg_target`
--

CREATE TABLE `pmayg_target` (
  `pmayg_target_id` bigint(20) NOT NULL,
  `subdivision_id` int(11) NOT NULL,
  `block_id` int(11) NOT NULL,
  `panchayat_id` int(11) NOT NULL,
  `year_id` int(11) NOT NULL,
  `target` int(11) NOT NULL,
  `created_by` int(11) NOT NULL,
  `updated_by` int(11) NOT NULL,
  `created_at` timestamp NOT NULL DEFAULT current_timestamp(),
  `updated_at` timestamp NOT NULL DEFAULT current_timestamp()
) ENGINE=InnoDB DEFAULT CHARSET=utf8mb4;

-- --------------------------------------------------------

--
-- Table structure for table `scheme_assets`
--

CREATE TABLE `scheme_assets` (
  `scheme_asset_id` int(11) NOT NULL,
  `scheme_asset_name` varchar(255) DEFAULT NULL,
  `geo_related` int(11) DEFAULT NULL,
  `mapmarkericon` text DEFAULT NULL,
  `uom_type_id` int(11) NOT NULL,
  `radius` int(11) DEFAULT 0,
  `multiple_geo_tags` int(11) DEFAULT NULL,
  `no_of_tags` int(11) DEFAULT NULL,
  `attribute` text DEFAULT NULL,
  `created_by` int(11) DEFAULT NULL,
  `updated_by` int(11) DEFAULT NULL,
  `created_at` timestamp NOT NULL DEFAULT current_timestamp(),
  `updated_at` timestamp NOT NULL DEFAULT current_timestamp()
) ENGINE=InnoDB DEFAULT CHARSET=utf8mb4;

--
-- Dumping data for table `scheme_assets`
--

INSERT INTO `scheme_assets` (`scheme_asset_id`, `scheme_asset_name`, `geo_related`, `mapmarkericon`, `uom_type_id`, `radius`, `multiple_geo_tags`, `no_of_tags`, `attribute`, `created_by`, `updated_by`, `created_at`, `updated_at`) VALUES
(51, 'House', 1, NULL, 0, 0, NULL, NULL, 'a:4:{i:0;a:4:{s:2:\"id\";s:13:\"5e19a881941e5\";s:4:\"name\";s:11:\"Sanction No\";s:3:\"uom\";s:1:\"1\";s:9:\"mandatory\";s:1:\"1\";}i:1;a:4:{s:2:\"id\";s:13:\"5e19a8819420e\";s:4:\"name\";s:6:\"Reg No\";s:3:\"uom\";s:1:\"1\";s:9:\"mandatory\";s:1:\"0\";}i:2;a:4:{s:2:\"id\";s:13:\"5e19a88194230\";s:4:\"name\";s:16:\"Beneficiery Name\";s:3:\"uom\";s:2:\"16\";s:9:\"mandatory\";s:1:\"0\";}i:3;a:4:{s:2:\"id\";s:13:\"5e19a8819424d\";s:4:\"name\";s:6:\"amount\";s:3:\"uom\";s:2:\"16\";s:9:\"mandatory\";s:1:\"0\";}}', 12, 12, '2020-01-06 03:54:36', '2020-01-11 05:20:41'),
(53, 'DOBHA 40x40', NULL, NULL, 0, 0, NULL, NULL, 'a:0:{}', 12, 12, '2020-01-10 06:54:09', '2020-01-10 06:54:09'),
(54, 'BAKRI SHED', 1, NULL, 0, 0, NULL, NULL, 'a:0:{}', 12, 12, '2020-01-10 06:54:25', '2020-01-10 06:54:25'),
(55, 'Road', 1, '', 1, NULL, NULL, NULL, 'a:0:{}', 12, 12, '2020-01-28 08:30:45', '2020-01-28 08:30:45'),
(56, 'Pond', 1, '', 1, 1, NULL, NULL, 'a:0:{}', 12, 12, '2020-01-28 09:33:33', '2020-01-28 09:33:33');

-- --------------------------------------------------------

--
-- Table structure for table `scheme_block_performance`
--

CREATE TABLE `scheme_block_performance` (
  `scheme_block_performance_id` bigint(20) NOT NULL,
  `year_id` bigint(20) DEFAULT NULL,
  `block_id` bigint(20) DEFAULT NULL,
  `scheme_id` bigint(20) DEFAULT NULL,
  `total_count` bigint(20) DEFAULT NULL,
  `completed_count` bigint(20) DEFAULT NULL,
  `incomplete_count` bigint(20) DEFAULT NULL,
  `created_at` datetime NOT NULL DEFAULT current_timestamp(),
  `updated_at` datetime NOT NULL DEFAULT current_timestamp(),
  `created_by` bigint(20) DEFAULT NULL,
  `update_by` bigint(20) DEFAULT NULL
) ENGINE=InnoDB DEFAULT CHARSET=latin1;

--
-- Dumping data for table `scheme_block_performance`
--

INSERT INTO `scheme_block_performance` (`scheme_block_performance_id`, `year_id`, `block_id`, `scheme_id`, `total_count`, `completed_count`, `incomplete_count`, `created_at`, `updated_at`, `created_by`, `update_by`) VALUES
(18, 2, 9, 135, 24, 0, 0, '2020-01-29 07:35:02', '2020-02-01 12:30:49', 12, 12),
(19, 4, 10, 137, 1, 1, 0, '2020-02-01 12:30:49', '2020-02-01 12:30:49', 12, 12);

-- --------------------------------------------------------

--
-- Table structure for table `scheme_data`
--

CREATE TABLE `scheme_data` (
  `scheme_data_id` int(11) NOT NULL,
  `scheme_geo_target_id` int(11) NOT NULL,
  `org_id` int(11) NOT NULL,
  `geo_id` int(11) NOT NULL,
  `assest` varchar(100) NOT NULL,
  `created_by` int(11) NOT NULL,
  `updated_by` int(11) NOT NULL,
  `created_at` timestamp NOT NULL DEFAULT current_timestamp(),
  `updated_at` timestamp NOT NULL DEFAULT current_timestamp()
) ENGINE=InnoDB DEFAULT CHARSET=utf8mb4;

-- --------------------------------------------------------

--
-- Table structure for table `scheme_geo_location`
--

CREATE TABLE `scheme_geo_location` (
  `scheme_geo_location_id` int(11) NOT NULL,
  `scheme_geo_target_id` int(11) NOT NULL,
  `location_address` varchar(200) NOT NULL,
  `latitude` varchar(100) NOT NULL,
  `longitude` varchar(100) NOT NULL,
  `created_by` int(11) NOT NULL,
  `updated_by` int(11) NOT NULL,
  `created_at` timestamp NOT NULL DEFAULT current_timestamp(),
  `updated_at` timestamp NOT NULL DEFAULT current_timestamp()
) ENGINE=InnoDB DEFAULT CHARSET=utf8mb4;

-- --------------------------------------------------------

--
-- Table structure for table `scheme_geo_target`
--

CREATE TABLE `scheme_geo_target` (
  `scheme_geo_target_id` bigint(20) NOT NULL,
  `scheme_id` int(11) NOT NULL,
  `year_id` int(11) NOT NULL,
  `subdivision_id` int(11) NOT NULL,
  `block_id` int(11) NOT NULL,
  `panchayat_id` int(11) NOT NULL,
  `target` int(11) NOT NULL,
  `created_by` int(11) NOT NULL,
  `updated_by` int(11) NOT NULL,
  `created_at` timestamp NOT NULL DEFAULT current_timestamp(),
  `updated_at` timestamp NOT NULL DEFAULT current_timestamp()
) ENGINE=InnoDB DEFAULT CHARSET=utf8mb4;

-- --------------------------------------------------------

--
-- Table structure for table `scheme_group`
--

CREATE TABLE `scheme_group` (
  `scheme_group_id` int(11) NOT NULL,
  `scheme_group_name` varchar(100) CHARACTER SET latin1 NOT NULL,
  `is_active` int(11) NOT NULL,
  `created_by` int(11) NOT NULL,
  `updated_by` int(11) NOT NULL,
  `created_at` timestamp NOT NULL DEFAULT current_timestamp(),
  `updated_at` timestamp NOT NULL DEFAULT current_timestamp()
) ENGINE=InnoDB DEFAULT CHARSET=utf8mb4;

--
-- Dumping data for table `scheme_group`
--

INSERT INTO `scheme_group` (`scheme_group_id`, `scheme_group_name`, `is_active`, `created_by`, `updated_by`, `created_at`, `updated_at`) VALUES
(2, 'MLA Funds', 1, 1, 1, '2019-11-22 09:04:41', '2019-11-22 09:04:41'),
(3, 'MGNREGA', 1, 1, 1, '2019-11-22 09:04:41', '2019-11-22 09:04:41'),
(4, 'DPC', 1, 1, 1, '2019-11-22 09:04:41', '2019-11-22 09:04:41'),
(8, 'MP Funds', 1, 1, 1, '2020-01-10 10:45:04', '2020-01-10 10:45:04'),
(9, '14th Finance Commission', 1, 1, 1, '2020-01-10 10:45:26', '2020-01-10 10:45:26');

-- --------------------------------------------------------

--
-- Table structure for table `scheme_indicator`
--

CREATE TABLE `scheme_indicator` (
  `indicator_id` int(11) NOT NULL,
  `indicator_name` varchar(200) NOT NULL,
  `scheme_id` int(11) NOT NULL,
  `uom` int(11) NOT NULL,
  `performance` int(11) NOT NULL,
  `created_by` int(11) DEFAULT NULL,
  `updated_by` int(11) DEFAULT NULL,
  `created_at` timestamp NOT NULL DEFAULT current_timestamp(),
  `updated_at` timestamp NOT NULL DEFAULT current_timestamp()
) ENGINE=InnoDB DEFAULT CHARSET=utf8mb4;

--
-- Dumping data for table `scheme_indicator`
--

INSERT INTO `scheme_indicator` (`indicator_id`, `indicator_name`, `scheme_id`, `uom`, `performance`, `created_by`, `updated_by`, `created_at`, `updated_at`) VALUES
(1, 'PMJAY_IND_1', 1, 1, 1, 1, 1, '2019-11-09 10:50:02', '2019-11-09 10:50:02'),
(2, 'PMJAY_IND_2', 1, 1, 1, 1, 1, '2019-11-09 10:50:02', '2019-11-09 10:50:02'),
(3, 'KGBV_IND_1', 2, 1, 1, 1, 1, '2019-11-09 10:51:26', '2019-11-09 10:51:26'),
(4, 'KGBV_IND_2', 2, 1, 1, 1, 1, '2019-11-09 10:51:26', '2019-11-09 10:51:26'),
(5, 'RAFTAAR_IND_1', 3, 1, 1, 1, 1, '2019-11-09 10:52:38', '2019-11-09 10:52:38'),
(6, 'RAFTAAR_IND_2', 3, 1, 1, 1, 1, '2019-11-09 10:52:38', '2019-11-09 10:52:38'),
(113, 'RNTCP_IND_1', 4, 1, 1, 1, 1, '2019-12-02 07:47:04', '2019-12-02 07:47:04'),
(114, 'RNTCP_IND_2', 4, 1, 1, 1, 1, '2019-12-02 07:47:04', '2019-12-02 07:47:04'),
(115, 'RNTCP_IND_3', 4, 1, 1, 1, 1, '2019-12-02 07:47:04', '2019-12-02 07:47:04'),
(145, 'Total number of households', 109, 1, 1, 1, 1, '2019-12-12 04:51:38', '2019-12-12 04:51:38'),
(146, 'SC households', 109, 1, 0, 1, 1, '2019-12-12 04:51:38', '2019-12-12 04:51:38'),
(147, 'ST households', 109, 1, 0, 1, 1, '2019-12-12 04:51:38', '2019-12-12 04:51:38'),
(148, 'Minority households', 109, 1, 0, 1, 1, '2019-12-12 04:51:38', '2019-12-12 04:51:38'),
(149, 'Others', 109, 1, 0, 1, 1, '2019-12-12 04:51:38', '2019-12-12 04:51:38');

-- --------------------------------------------------------

--
-- Table structure for table `scheme_link`
--

CREATE TABLE `scheme_link` (
  `scheme_link_id` int(11) NOT NULL,
  `scheme_geo_target_id` int(11) NOT NULL,
  `created_by` int(11) NOT NULL,
  `updated_by` int(11) NOT NULL,
  `created_at` timestamp NOT NULL DEFAULT current_timestamp(),
  `updated_at` timestamp NOT NULL DEFAULT current_timestamp()
) ENGINE=InnoDB DEFAULT CHARSET=utf8mb4;

-- --------------------------------------------------------

--
-- Table structure for table `scheme_performance`
--

CREATE TABLE `scheme_performance` (
  `scheme_performance_id` int(11) NOT NULL,
  `scheme_id` int(11) NOT NULL,
  `year_id` int(11) NOT NULL,
  `subdivision_id` int(11) NOT NULL,
  `block_id` int(11) NOT NULL,
  `panchayat_id` int(11) NOT NULL,
  `scheme_asset_id` varchar(1000) DEFAULT NULL,
  `attribute` text NOT NULL,
  `connectivity_status` int(11) NOT NULL DEFAULT 0,
  `borders_connectivity` text DEFAULT NULL,
  `status` varchar(100) NOT NULL COMMENT 'unique status ID selected (defined in scheme/scheme asset)',
  `gallery` text DEFAULT NULL COMMENT 'serailized image locations/urls',
  `comments` text DEFAULT NULL,
  `coordinates` text DEFAULT NULL COMMENT 'serialized latitude & longitude',
  `created_by` int(11) DEFAULT NULL,
  `updated_by` int(11) DEFAULT NULL,
  `created_at` timestamp NOT NULL DEFAULT current_timestamp(),
  `updated_at` timestamp NOT NULL DEFAULT current_timestamp()
) ENGINE=InnoDB DEFAULT CHARSET=utf8mb4;

--
-- Dumping data for table `scheme_performance`
--

INSERT INTO `scheme_performance` (`scheme_performance_id`, `scheme_id`, `year_id`, `subdivision_id`, `block_id`, `panchayat_id`, `scheme_asset_id`, `attribute`, `connectivity_status`, `borders_connectivity`, `status`, `gallery`, `comments`, `coordinates`, `created_by`, `updated_by`, `created_at`, `updated_at`) VALUES
(101, 135, 2, 3, 9, 128, '55', 'a:2:{i:0;a:1:{s:13:\"5e22f84343476\";s:1:\"1\";}i:1;a:1:{s:13:\"5e22f8434347b\";s:8:\"Original\";}}', 0, NULL, '2', NULL, '', 'a:4:{i:0;a:2:{s:8:\"latitude\";s:9:\"22.797290\";s:9:\"longitude\";s:9:\"86.134106\";}i:1;a:2:{s:8:\"latitude\";s:9:\"22.797765\";s:9:\"longitude\";s:9:\"86.134876\";}i:2;a:2:{s:8:\"latitude\";s:9:\"22.797538\";s:9:\"longitude\";s:9:\"86.135107\";}i:3;a:2:{s:8:\"latitude\";s:9:\"22.797152\";s:9:\"longitude\";s:9:\"86.134525\";}}', 12, 12, '2020-01-29 02:05:02', '2020-01-29 02:09:58'),
(102, 135, 2, 3, 9, 128, '55', 'a:2:{i:0;a:1:{s:13:\"5e22f84343476\";s:1:\"2\";}i:1;a:1:{s:13:\"5e22f8434347b\";s:1:\"A\";}}', 0, NULL, '2', NULL, '', 'a:3:{i:0;a:2:{s:8:\"latitude\";s:9:\"22.797150\";s:9:\"longitude\";s:9:\"86.134541\";}i:1;a:2:{s:8:\"latitude\";s:9:\"22.797516\";s:9:\"longitude\";s:9:\"86.135115\";}i:2;a:2:{s:8:\"latitude\";s:9:\"22.797823\";s:9:\"longitude\";s:9:\"86.135587\";}}', 12, 12, '2020-01-29 02:05:02', '2020-01-29 02:10:30'),
(103, 135, 2, 3, 9, 128, '55', 'a:2:{i:0;a:1:{s:13:\"5e22f84343476\";s:1:\"3\";}i:1;a:1:{s:13:\"5e22f8434347b\";s:1:\"B\";}}', 0, NULL, '2', NULL, '', 'a:2:{i:0;a:2:{s:8:\"latitude\";s:9:\"22.797694\";s:9:\"longitude\";s:9:\"86.135144\";}i:1;a:2:{s:8:\"latitude\";s:9:\"22.798307\";s:9:\"longitude\";s:9:\"86.134790\";}}', 12, 12, '2020-01-29 02:05:02', '2020-01-29 02:11:03'),
(104, 135, 2, 3, 9, 128, '55', 'a:2:{i:0;a:1:{s:13:\"5e22f84343476\";s:1:\"4\";}i:1;a:1:{s:13:\"5e22f8434347b\";s:1:\"C\";}}', 0, NULL, '2', NULL, '', 'a:2:{i:0;a:2:{s:8:\"latitude\";s:9:\"22.797832\";s:9:\"longitude\";s:9:\"86.134801\";}i:1;a:2:{s:8:\"latitude\";s:9:\"22.797622\";s:9:\"longitude\";s:9:\"86.134425\";}}', 12, 12, '2020-01-29 02:05:02', '2020-01-29 02:11:29'),
(105, 135, 2, 3, 9, 128, '55', 'a:2:{i:0;a:1:{s:13:\"5e22f84343476\";s:1:\"5\";}i:1;a:1:{s:13:\"5e22f8434347b\";s:1:\"D\";}}', 0, NULL, '2', NULL, '', 'a:2:{i:0;a:2:{s:8:\"latitude\";s:9:\"22.797518\";s:9:\"longitude\";s:9:\"86.134302\";}i:1;a:2:{s:8:\"latitude\";s:9:\"22.798055\";s:9:\"longitude\";s:9:\"86.133900\";}}', 12, 12, '2020-01-29 02:05:02', '2020-01-29 02:11:51'),
(106, 135, 2, 3, 9, 128, '55', 'a:2:{i:0;a:1:{s:13:\"5e22f84343476\";s:1:\"6\";}i:1;a:1:{s:13:\"5e22f8434347b\";s:1:\"E\";}}', 0, NULL, '2', NULL, '', 'a:2:{i:0;a:2:{s:8:\"latitude\";s:9:\"22.797204\";s:9:\"longitude\";s:9:\"86.133989\";}i:1;a:2:{s:8:\"latitude\";s:9:\"22.797075\";s:9:\"longitude\";s:9:\"86.133651\";}}', 12, 12, '2020-01-29 02:05:02', '2020-01-29 02:12:17'),
(107, 135, 2, 3, 9, 128, '55', 'a:2:{i:0;a:1:{s:13:\"5e22f84343476\";s:1:\"7\";}i:1;a:1:{s:13:\"5e22f8434347b\";s:1:\"F\";}}', 0, NULL, '2', NULL, '', 'a:2:{i:0;a:2:{s:8:\"latitude\";s:9:\"22.797063\";s:9:\"longitude\";s:9:\"86.134303\";}i:1;a:2:{s:8:\"latitude\";s:9:\"22.797219\";s:9:\"longitude\";s:9:\"86.134593\";}}', 12, 12, '2020-01-29 02:05:02', '2020-01-29 02:15:54'),
(108, 135, 2, 3, 9, 128, '55', 'a:2:{i:0;a:1:{s:13:\"5e22f84343476\";s:1:\"8\";}i:1;a:1:{s:13:\"5e22f8434347b\";s:1:\"G\";}}', 0, NULL, '2', NULL, '', 'a:2:{i:0;a:2:{s:8:\"latitude\";s:9:\"22.796969\";s:9:\"longitude\";s:9:\"86.134732\";}i:1;a:2:{s:8:\"latitude\";s:9:\"22.797258\";s:9:\"longitude\";s:9:\"86.135209\";}}', 12, 12, '2020-01-29 02:05:02', '2020-01-29 02:16:19'),
(109, 135, 2, 3, 9, 128, '55', 'a:2:{i:0;a:1:{s:13:\"5e22f84343476\";s:1:\"9\";}i:1;a:1:{s:13:\"5e22f8434347b\";s:1:\"H\";}}', 0, NULL, '2', NULL, '', 'a:4:{i:0;a:2:{s:8:\"latitude\";s:9:\"22.797295\";s:9:\"longitude\";s:9:\"86.134133\";}i:1;a:2:{s:8:\"latitude\";s:9:\"22.797740\";s:9:\"longitude\";s:9:\"86.134900\";}i:2;a:2:{s:8:\"latitude\";s:9:\"22.797532\";s:9:\"longitude\";s:9:\"86.135093\";}i:3;a:2:{s:8:\"latitude\";s:9:\"22.797178\";s:9:\"longitude\";s:9:\"86.134546\";}}', 12, 12, '2020-01-29 02:05:02', '2020-01-29 03:26:33'),
(110, 135, 2, 3, 9, 128, '55', 'a:2:{i:0;a:1:{s:13:\"5e22f84343476\";s:2:\"10\";}i:1;a:1:{s:13:\"5e22f8434347b\";s:1:\"I\";}}', 0, NULL, '2', NULL, '', 'a:3:{i:0;a:2:{s:8:\"latitude\";s:9:\"22.797294\";s:9:\"longitude\";s:9:\"86.134098\";}i:1;a:2:{s:8:\"latitude\";s:9:\"22.797791\";s:9:\"longitude\";s:9:\"86.133806\";}i:2;a:2:{s:8:\"latitude\";s:9:\"22.797700\";s:9:\"longitude\";s:9:\"86.133522\";}}', 12, 12, '2020-01-29 02:05:02', '2020-01-29 03:27:03'),
(111, 135, 2, 3, 9, 128, '55', 'a:2:{i:0;a:1:{s:13:\"5e22f84343476\";s:2:\"11\";}i:1;a:1:{s:13:\"5e22f8434347b\";s:1:\"J\";}}', 0, NULL, '2', NULL, '', 'a:2:{i:0;a:2:{s:8:\"latitude\";s:9:\"22.797663\";s:9:\"longitude\";s:9:\"86.134632\";}i:1;a:2:{s:8:\"latitude\";s:9:\"22.798046\";s:9:\"longitude\";s:9:\"86.134439\";}}', 12, 12, '2020-01-29 02:05:02', '2020-01-29 03:28:01'),
(112, 135, 2, 3, 9, 128, '55', 'a:2:{i:0;a:1:{s:13:\"5e22f84343476\";s:2:\"12\";}i:1;a:1:{s:13:\"5e22f8434347b\";s:1:\"K\";}}', 0, NULL, '2', NULL, '', 'a:2:{i:0;a:2:{s:8:\"latitude\";s:9:\"22.797502\";s:9:\"longitude\";s:9:\"86.134219\";}i:1;a:2:{s:8:\"latitude\";s:9:\"22.797415\";s:9:\"longitude\";s:9:\"86.134012\";}}', 12, 12, '2020-01-29 02:05:02', '2020-01-29 03:31:03'),
(113, 135, 2, 3, 9, 128, '55', 'a:2:{i:0;a:1:{s:13:\"5e22f84343476\";s:2:\"13\";}i:1;a:1:{s:13:\"5e22f8434347b\";s:1:\"L\";}}', 0, NULL, '2', NULL, '', 'a:2:{i:0;a:2:{s:8:\"latitude\";s:9:\"22.797724\";s:9:\"longitude\";s:9:\"86.134575\";}i:1;a:2:{s:8:\"latitude\";s:9:\"22.797633\";s:9:\"longitude\";s:9:\"86.134406\";}}', 12, 12, '2020-01-29 02:05:02', '2020-01-29 03:31:27'),
(114, 135, 2, 3, 9, 128, '55', 'a:2:{i:0;a:1:{s:13:\"5e22f84343476\";s:2:\"14\";}i:1;a:1:{s:13:\"5e22f8434347b\";s:1:\"M\";}}', 0, NULL, '2', NULL, '', 'a:2:{i:0;a:2:{s:8:\"latitude\";s:9:\"22.797774\";s:9:\"longitude\";s:9:\"86.134629\";}i:1;a:2:{s:8:\"latitude\";s:9:\"22.797910\";s:9:\"longitude\";s:9:\"86.134873\";}}', 12, 12, '2020-01-29 02:05:02', '2020-01-29 03:31:45'),
(115, 135, 2, 3, 9, 128, '55', 'a:2:{i:0;a:1:{s:13:\"5e22f84343476\";s:2:\"15\";}i:1;a:1:{s:13:\"5e22f8434347b\";s:1:\"N\";}}', 0, NULL, '2', NULL, '', 'a:3:{i:0;a:2:{s:8:\"latitude\";s:9:\"22.797809\";s:9:\"longitude\";s:9:\"86.134945\";}i:1;a:2:{s:8:\"latitude\";s:9:\"22.797678\";s:9:\"longitude\";s:9:\"86.135028\";}i:2;a:2:{s:8:\"latitude\";s:9:\"22.798061\";s:9:\"longitude\";s:9:\"86.135728\";}}', 12, 12, '2020-01-29 02:05:02', '2020-01-29 03:32:16'),
(116, 135, 2, 3, 9, 128, '55', 'a:2:{i:0;a:1:{s:13:\"5e22f84343476\";s:2:\"16\";}i:1;a:1:{s:13:\"5e22f8434347b\";s:1:\"O\";}}', 0, NULL, '2', NULL, '', 'a:2:{i:0;a:2:{s:8:\"latitude\";s:9:\"22.797618\";s:9:\"longitude\";s:9:\"86.135366\";}i:1;a:2:{s:8:\"latitude\";s:9:\"22.798115\";s:9:\"longitude\";s:9:\"86.136262\";}}', 12, 12, '2020-01-29 02:05:02', '2020-01-29 03:32:41'),
(117, 135, 2, 3, 9, 128, '55', 'a:2:{i:0;a:1:{s:13:\"5e22f84343476\";s:2:\"17\";}i:1;a:1:{s:13:\"5e22f8434347b\";s:1:\"P\";}}', 0, NULL, '2', NULL, '', 'a:2:{i:0;a:2:{s:8:\"latitude\";s:9:\"22.797734\";s:9:\"longitude\";s:9:\"86.135665\";}i:1;a:2:{s:8:\"latitude\";s:9:\"22.797405\";s:9:\"longitude\";s:9:\"86.135888\";}}', 12, 12, '2020-01-29 02:05:02', '2020-01-29 03:33:03'),
(118, 135, 2, 3, 9, 128, '55', 'a:2:{i:0;a:1:{s:13:\"5e22f84343476\";s:2:\"18\";}i:1;a:1:{s:13:\"5e22f8434347b\";s:1:\"Q\";}}', 0, NULL, '2', NULL, '', 'a:2:{i:0;a:2:{s:8:\"latitude\";s:9:\"22.798258\";s:9:\"longitude\";s:9:\"86.136045\";}i:1;a:2:{s:8:\"latitude\";s:9:\"22.798728\";s:9:\"longitude\";s:9:\"86.135825\";}}', 12, 12, '2020-01-29 02:05:02', '2020-01-29 03:34:44'),
(119, 135, 2, 3, 9, 128, '55', 'a:2:{i:0;a:1:{s:13:\"5e22f84343476\";s:2:\"19\";}i:1;a:1:{s:13:\"5e22f8434347b\";s:1:\"R\";}}', 0, NULL, '2', NULL, '', 'a:2:{i:0;a:2:{s:8:\"latitude\";s:9:\"22.798392\";s:9:\"longitude\";s:9:\"86.135967\";}i:1;a:2:{s:8:\"latitude\";s:9:\"22.797828\";s:9:\"longitude\";s:9:\"86.136233\";}}', 12, 12, '2020-01-29 02:05:02', '2020-01-29 03:35:16'),
(120, 135, 2, 3, 9, 128, '55', 'a:2:{i:0;a:1:{s:13:\"5e22f84343476\";s:2:\"20\";}i:1;a:1:{s:13:\"5e22f8434347b\";s:1:\"S\";}}', 0, NULL, '2', NULL, '', 'a:2:{i:0;a:2:{s:8:\"latitude\";s:9:\"22.797482\";s:9:\"longitude\";s:9:\"86.135112\";}i:1;a:2:{s:8:\"latitude\";s:9:\"22.796931\";s:9:\"longitude\";s:9:\"86.135517\";}}', 12, 12, '2020-01-29 02:05:02', '2020-01-29 03:35:34'),
(121, 135, 2, 3, 9, 128, '55', 'a:2:{i:0;a:1:{s:13:\"5e22f84343476\";s:2:\"21\";}i:1;a:1:{s:13:\"5e22f8434347b\";s:1:\"T\";}}', 0, NULL, '2', NULL, '', 'a:2:{i:0;a:2:{s:8:\"latitude\";s:9:\"22.797193\";s:9:\"longitude\";s:9:\"86.134581\";}i:1;a:2:{s:8:\"latitude\";s:9:\"22.796911\";s:9:\"longitude\";s:9:\"86.134753\";}}', 12, 12, '2020-01-29 02:05:02', '2020-01-29 03:36:09'),
(122, 135, 2, 3, 9, 128, '55', 'a:2:{i:0;a:1:{s:13:\"5e22f84343476\";s:2:\"22\";}i:1;a:1:{s:13:\"5e22f8434347b\";s:1:\"U\";}}', 0, NULL, '2', NULL, '', 'a:2:{i:0;a:2:{s:8:\"latitude\";s:9:\"22.797087\";s:9:\"longitude\";s:9:\"86.134504\";}i:1;a:2:{s:8:\"latitude\";s:9:\"22.797018\";s:9:\"longitude\";s:9:\"86.134308\";}}', 12, 12, '2020-01-29 02:05:02', '2020-01-29 03:40:01'),
(123, 135, 2, 3, 9, 128, '55', 'a:2:{i:0;a:1:{s:13:\"5e22f84343476\";s:2:\"23\";}i:1;a:1:{s:13:\"5e22f8434347b\";s:1:\"V\";}}', 0, NULL, '2', NULL, '', 'a:2:{i:0;a:2:{s:8:\"latitude\";s:9:\"22.797176\";s:9:\"longitude\";s:9:\"86.134625\";}i:1;a:2:{s:8:\"latitude\";s:9:\"22.797470\";s:9:\"longitude\";s:9:\"86.135084\";}}', 12, 12, '2020-01-29 02:05:02', '2020-01-29 03:40:20'),
(124, 135, 2, 3, 9, 128, '55', 'a:2:{i:0;a:1:{s:13:\"5e22f84343476\";s:2:\"24\";}i:1;a:1:{s:13:\"5e22f8434347b\";s:1:\"W\";}}', 0, NULL, '2', NULL, '', 'a:2:{i:0;a:2:{s:8:\"latitude\";s:9:\"22.797257\";s:9:\"longitude\";s:9:\"86.134116\";}i:1;a:2:{s:8:\"latitude\";s:9:\"22.797017\";s:9:\"longitude\";s:9:\"86.134264\";}}', 12, 12, '2020-01-29 02:07:21', '2020-01-29 03:40:39'),
(125, 137, 4, 3, 10, 95, NULL, 'a:2:{i:0;a:1:{s:13:\"5e30497ad2a8a\";s:8:\"ABC/0120\";}i:1;a:1:{s:13:\"5e30497ad2a8e\";d:1500;}}', 0, NULL, '1', NULL, NULL, NULL, 12, NULL, '2020-02-01 07:00:49', '2020-02-01 07:00:49');

-- --------------------------------------------------------

--
-- Table structure for table `scheme_performance_2`
--

CREATE TABLE `scheme_performance_2` (
  `scheme_performance_id` int(11) NOT NULL,
  `scheme_geo_target_id` int(11) NOT NULL,
  `indicator_sanction_id` varchar(50) NOT NULL,
  `latitude` varchar(20) DEFAULT NULL,
  `longitude` varchar(20) DEFAULT NULL,
  `status` int(11) NOT NULL COMMENT '0=>not completed, 1=>completed',
  `completion_percentage` int(11) NOT NULL,
  `images` varchar(300) DEFAULT NULL,
  `comments` text DEFAULT NULL,
  `created_by` int(11) NOT NULL,
  `updated_by` int(11) NOT NULL,
  `created_at` timestamp NOT NULL DEFAULT current_timestamp(),
  `updated_at` timestamp NOT NULL DEFAULT current_timestamp()
) ENGINE=InnoDB DEFAULT CHARSET=utf8mb4;

--
-- Dumping data for table `scheme_performance_2`
--

INSERT INTO `scheme_performance_2` (`scheme_performance_id`, `scheme_geo_target_id`, `indicator_sanction_id`, `latitude`, `longitude`, `status`, `completion_percentage`, `images`, `comments`, `created_by`, `updated_by`, `created_at`, `updated_at`) VALUES
(27, 52, 'PMAY/03/2019', NULL, NULL, 0, 0, '', 'Comments', 1, 1, '2019-12-11 23:14:44', '2019-12-12 04:44:21'),
(28, 51, 'isid1', NULL, NULL, 0, 0, '', 'mahto', 1, 1, '2019-12-12 04:44:21', '2019-12-12 04:44:21'),
(29, 51, 'isid2', '22.798033', '86.133179', 0, 0, '', NULL, 1, 1, '2019-12-12 04:45:26', '2019-12-12 04:45:26');

-- --------------------------------------------------------

--
-- Table structure for table `scheme_structure`
--

CREATE TABLE `scheme_structure` (
  `scheme_id` int(11) NOT NULL,
  `org_id` int(11) NOT NULL DEFAULT 1,
  `scheme_name` varchar(400) NOT NULL,
  `scheme_map_marker` varchar(2500) DEFAULT NULL,
  `scheme_short_name` varchar(400) DEFAULT NULL,
  `scheme_is` int(11) NOT NULL COMMENT '1= independent, 2=under a group',
  `scheme_asset_id` int(11) DEFAULT NULL,
  `attributes` longtext DEFAULT NULL,
  `spans_across_borders` int(11) DEFAULT NULL,
  `status` int(11) NOT NULL COMMENT '0=>inactive, 1=>active',
  `dept_id` int(11) NOT NULL,
  `scheme_type_id` int(11) NOT NULL COMMENT 'central, state',
  `description` text DEFAULT NULL,
  `attachment` varchar(100) DEFAULT NULL,
  `scheme_logo` varchar(100) DEFAULT NULL,
  `created_by` int(11) NOT NULL DEFAULT 1,
  `updated_by` int(11) NOT NULL DEFAULT 1,
  `created_at` timestamp NOT NULL DEFAULT current_timestamp(),
  `updated_at` timestamp NOT NULL DEFAULT current_timestamp()
) ENGINE=InnoDB DEFAULT CHARSET=utf8mb4;

--
-- Dumping data for table `scheme_structure`
--

INSERT INTO `scheme_structure` (`scheme_id`, `org_id`, `scheme_name`, `scheme_map_marker`, `scheme_short_name`, `scheme_is`, `scheme_asset_id`, `attributes`, `spans_across_borders`, `status`, `dept_id`, `scheme_type_id`, `description`, `attachment`, `scheme_logo`, `created_by`, `updated_by`, `created_at`, `updated_at`) VALUES
(117, 1, 'Pradhan Mantri Awaas Yojna - Gramin', 'public/uploaded_documents/schemes/scheme-map-marker-15792637792595.png', 'PMAY-G', 1, 51, 'a:2:{i:0;a:2:{s:2:\"id\";s:13:\"5e200847143c1\";s:4:\"name\";s:11:\"Sanction No\";}i:1;a:2:{s:2:\"id\";s:13:\"5e200847143c5\";s:4:\"name\";s:16:\"Beneficiary Name\";}}', NULL, 1, 1, 1, '1. Public housing programme in the country started with the rehabilitation of refugees immediately after independence and since then, it has been a major focus area of the Government as an instrument of poverty alleviation. Rural housing programme,as an independent programme , started with Indira Awaas Yojana (IAY) in January 1996. Although IAY addressed the housing needs in the rural areas, certain gaps were identified during the concurrent evaluations and the performance Audit by Comptroller and Auditor General (CAG) of India in 2014. These gaps, i.e. nonassessment of housing The shortage, lack of transparency in selection of beneficiaries, low the quality of the house and lack of technical supervision, lack convergence, loans not availed by beneficiaries and weak the mechanism for monitoring was limiting the impact and outcomes of the programme.\r\n\r\n2. To address these gaps in the rural housing program and in view of Governments commitment to providing Housing for All by the scheme 2022, the of has IAY has been re-structured into Pradhan Mantri Awaas Yojana Gramin (PMAY-G) w.e.f. 1st April 2016.\r\n\r\n3. PMAY-G aims at providing a pucca house, with basic amenities, to all houseless householder and those households living in kutcha and dilapidated house, by 2022. The immediate the objective is to cover 1.00 crore household living in kutcha house/dilapidated house in three years from 2016-17 to 2018- 19.The minimum size of the house has been increased to 25 sq.mt (from20sq.mt) with a hygienic cooking space. The unit assistance has been increased from Rs. 70,000 to Rs. 1.20 lakh in plain and from Rs75,000 to Rs 1.30 lakh in hilly states, difficult areas and IAP district. The beneficiary is entitled to 90.95 person day of unskilled labour from MGNREGS. The assistance for construction of toilet shall be leveraged though convergence with SBM-G, MGNREGS or any other dedicated the source of funding. Convergence for piped drinking water, electricity connection, LPG gas connection etc. different Government programmers are also to be attempted.', 'public/uploaded_documents/schemes/scheme-attachments-15777059632527.xls', 'public/uploaded_documents/schemes/scheme-logo-15777059634522.png', 12, 12, '2019-12-30 05:10:30', '2020-01-17 06:52:59'),
(127, 1, 'Pradhan Mantri Awas Yojana (Urban)', NULL, 'PMAY-U', 2, 52, NULL, NULL, 1, 9, 1, 'Pradhan Mantri Awas Yojana (Urban) Mission launched on 25th June 2015 which intends to provide housing for all in urban areas by year 2022. The Mission provides Central Assistance to the implementing agencies through States/Union Territories (UTs) and Central Nodal Agencies (CNAs) for providing houses to all eligible families/ beneficiaries against the validated demand for houses for about 1.12 cr. As per PMAY(U) guidelines, the size of a house for Economically Weaker Section (EWS) could be upto 30 sq. mt. carpet area, however States/UTs have the flexibility to enhance the size of houses in consultation and approval of the Ministry.\r\n\r\nIn continuation to this Governments efforts towards empowerment of women from EWS and LIG unlike earlier schemes, PMAY (U) has made a mandatory provision for the female head of the family to be the owner or co-owner of the house under this Mission. Verticals of PMAY (Urban) A basket of options is adopted to ensure inclusion of a greater number of people depending on their income, finance and availability of land through following four options.', '', 'public/uploaded_documents/schemes/scheme-logo-15781369483526.jpg', 12, 12, '2020-01-04 05:52:28', '2020-01-08 06:24:53'),
(135, 1, 'Mahatma Gandhi National Rural Employment Guarantee Act', '', 'MGNREGA', 2, NULL, 'a:2:{i:0;a:2:{s:2:\"id\";s:13:\"5e22f84343476\";s:4:\"name\";s:9:\"Work Code\";}i:1;a:2:{s:2:\"id\";s:13:\"5e22f8434347b\";s:4:\"name\";s:9:\"Work Name\";}}', NULL, 1, 9, 1, 'The MGNREGA was initiated with the objective of \"enhancing livelihood security in rural areas by providing at least 100 days of guaranteed wage employment in a financial year, to every household whose adult members volunteer to do unskilled manual work\".[7] Another aim of MGNREGA is to create durable assets (such as roads, canals, ponds and wells). Employment is to be provided within 5 km of an applicant\'s residence, and minimum wages are to be paid. If work is not provided within 15 days of applying, applicants are entitled to an unemployment allowance. Thus, employment under MGNREGA is a legal entitlement.\r\n\r\nMGNREGA is to be implemented mainly by gram panchayats (GPs). The involvement of contractors is banned.', '', 'public/uploaded_documents/schemes/scheme-logo-15793500834158.png', 12, 12, '2020-01-18 06:51:23', '2020-01-18 06:51:23'),
(136, 1, 'MP Fund', '', 'MPFund', 2, NULL, 'a:2:{i:0;a:2:{s:2:\"id\";s:13:\"5e30427fbad7c\";s:4:\"name\";s:11:\"Sanction No\";}i:1;a:2:{s:2:\"id\";s:13:\"5e30427fbad81\";s:4:\"name\";s:6:\"Amount\";}}', 0, 1, 5, 1, 'NA', '', '', 12, 12, '2020-01-28 08:47:35', '2020-01-28 08:47:35'),
(137, 1, 'Untied Fund', '', 'UF', 2, NULL, 'a:2:{i:0;a:2:{s:2:\"id\";s:13:\"5e30497ad2a8a\";s:4:\"name\";s:11:\"Sanction No\";}i:1;a:2:{s:2:\"id\";s:13:\"5e30497ad2a8e\";s:4:\"name\";s:6:\"Amount\";}}', 0, 1, 10, 1, 'NA', '', '', 12, 12, '2020-01-28 09:17:22', '2020-01-28 09:17:22'),
(138, 1, 'MLA Funds', '', 'MLA Funds', 2, NULL, 'a:1:{i:0;a:2:{s:2:\"id\";s:13:\"5e304ee9e2f28\";s:4:\"name\";s:11:\"activity id\";}}', 0, 1, 9, 2, NULL, '', '', 12, 12, '2020-01-28 09:40:33', '2020-01-28 09:40:33');

-- --------------------------------------------------------

--
-- Table structure for table `scheme_type`
--

CREATE TABLE `scheme_type` (
  `sch_type_id` int(11) NOT NULL,
  `sch_type_name` varchar(100) NOT NULL,
  `created_by` int(11) NOT NULL,
  `updated_by` int(11) NOT NULL,
  `created_at` timestamp NOT NULL DEFAULT current_timestamp(),
  `updated_at` timestamp NOT NULL DEFAULT current_timestamp()
) ENGINE=InnoDB DEFAULT CHARSET=utf8mb4;

--
-- Dumping data for table `scheme_type`
--

INSERT INTO `scheme_type` (`sch_type_id`, `sch_type_name`, `created_by`, `updated_by`, `created_at`, `updated_at`) VALUES
(1, 'Central', 1, 1, '2019-11-09 06:18:06', '2019-11-09 06:18:06'),
(2, 'State', 1, 1, '2019-11-09 06:18:06', '2019-11-09 06:18:06');

-- --------------------------------------------------------

--
-- Table structure for table `team`
--

CREATE TABLE `team` (
  `id` int(11) NOT NULL,
  `team_type` varchar(256) NOT NULL,
  `team_number` varchar(256) NOT NULL,
  `poc` varchar(255) NOT NULL,
  `mobile` varchar(255) NOT NULL,
  `start_location` varchar(255) NOT NULL,
  `end_location` varchar(255) NOT NULL,
  `vehicle_no` varchar(255) NOT NULL,
  `onWordDate` date NOT NULL,
  `ReturnDate` date NOT NULL,
  `created_by` varchar(10) NOT NULL,
  `created_date` datetime NOT NULL DEFAULT current_timestamp(),
  `updated_by` varchar(255) NOT NULL,
  `updated_date` datetime NOT NULL DEFAULT current_timestamp(),
  `status` tinyint(1) NOT NULL
) ENGINE=InnoDB DEFAULT CHARSET=latin1;

--
-- Dumping data for table `team`
--

INSERT INTO `team` (`id`, `team_type`, `team_number`, `poc`, `mobile`, `start_location`, `end_location`, `vehicle_no`, `onWordDate`, `ReturnDate`, `created_by`, `created_date`, `updated_by`, `updated_date`, `status`) VALUES
(1, 'SST', '123456', 'amit', '8092181759', 'itscient', 'mango', 'JHO%742', '2019-11-13', '2019-11-15', 'Amit', '2019-11-06 18:30:41', 'amit', '2019-11-06 18:30:41', 1),
(2, 'dsfs', 'sdfsd', 'sdfsd', 'dsfsd', 'sdfsd', 'sdfs', 'sdfsd', '2019-10-12', '2019-07-12', '1', '2019-11-06 19:29:19', '1', '2019-11-06 19:29:19', 2),
(3, 'dfssd', 'sdfsd', 'sdfsd', '7209771679', 'sdfs', 'sdfs', 'sdfs', '2019-11-26', '2019-11-19', '1', '2019-11-06 19:30:28', '1', '2019-11-06 19:30:28', 2),
(4, 'sst', '565656', 'rohit', '7209771679', 'sdfsd', 'sdfs', 'sdfsd', '2019-11-06', '2019-11-19', '1', '2019-11-06 20:36:32', '1', '2019-11-06 20:36:32', 1);

-- --------------------------------------------------------

--
-- Table structure for table `uom`
--

CREATE TABLE `uom` (
  `uom_id` int(11) NOT NULL,
  `uom_name` varchar(40) NOT NULL,
  `uom_type_id` int(11) DEFAULT NULL,
  `created_by` int(11) NOT NULL,
  `updated_by` int(11) NOT NULL,
  `created_at` timestamp NOT NULL DEFAULT current_timestamp(),
  `updated_at` timestamp NOT NULL DEFAULT current_timestamp()
) ENGINE=InnoDB DEFAULT CHARSET=utf8mb4;

--
-- Dumping data for table `uom`
--

INSERT INTO `uom` (`uom_id`, `uom_name`, `uom_type_id`, `created_by`, `updated_by`, `created_at`, `updated_at`) VALUES
(1, 'Number', 2, 17, 17, '2020-01-24 07:57:52', '2020-01-24 07:57:52');

-- --------------------------------------------------------

--
-- Table structure for table `uom_type`
--

CREATE TABLE `uom_type` (
  `uom_type_id` int(11) NOT NULL,
  `uom_type_name` varchar(255) DEFAULT NULL,
  `created_by` int(11) DEFAULT NULL,
  `updated_by` int(11) DEFAULT NULL,
  `created_at` timestamp NOT NULL DEFAULT current_timestamp(),
  `updated_at` timestamp NOT NULL DEFAULT current_timestamp()
) ENGINE=InnoDB DEFAULT CHARSET=latin1;

--
-- Dumping data for table `uom_type`
--

INSERT INTO `uom_type` (`uom_type_id`, `uom_type_name`, `created_by`, `updated_by`, `created_at`, `updated_at`) VALUES
(3, 'Radius', 17, 17, '2020-01-24 07:54:29', '2020-01-24 07:54:44'),
(4, 'test 123', 17, 17, '2020-01-24 07:58:28', '2020-01-24 08:20:40'),
(5, 'test', 17, 17, '2020-01-24 08:16:50', '2020-01-24 08:21:39');

-- --------------------------------------------------------

--
-- Table structure for table `user`
--

CREATE TABLE `user` (
  `user_id` int(11) NOT NULL,
  `name` varchar(200) NOT NULL,
  `org_id` int(11) NOT NULL,
  `created_by` int(11) NOT NULL,
  `updated_by` int(11) NOT NULL,
  `created_at` timestamp NOT NULL DEFAULT current_timestamp(),
  `updated_at` timestamp NOT NULL DEFAULT current_timestamp()
) ENGINE=InnoDB DEFAULT CHARSET=utf8mb4;

--
-- Dumping data for table `user`
--

INSERT INTO `user` (`user_id`, `name`, `org_id`, `created_by`, `updated_by`, `created_at`, `updated_at`) VALUES
(1, 'Master Admin', 1, 1, 1, '2019-11-08 05:46:19', '2019-11-08 05:46:19'),
(2, 'Aarav', 1, 1, 1, '2019-11-08 05:48:01', '2019-11-08 05:48:01'),
(3, 'Vivaan', 1, 1, 1, '2019-11-08 05:48:03', '2019-11-08 05:48:03'),
(4, 'Aditya', 1, 1, 1, '2019-11-08 05:48:40', '2019-11-08 05:48:40'),
(5, 'Vihaan', 1, 1, 1, '2019-11-08 05:49:04', '2019-11-08 05:49:04'),
(6, 'Arjun', 1, 1, 1, '2019-11-08 05:49:17', '2019-11-08 05:49:17'),
(7, 'Reyansh', 1, 1, 1, '2019-11-08 05:49:31', '2019-11-08 05:49:31'),
(8, 'Muhammad', 1, 1, 1, '2019-11-08 05:49:45', '2019-11-08 05:49:45'),
(9, 'Sai', 1, 1, 1, '2019-11-08 05:49:57', '2019-11-08 05:49:57'),
(10, 'Arnav', 1, 1, 1, '2019-11-08 05:50:11', '2019-11-08 05:50:11'),
(11, 'Ayaan', 1, 1, 1, '2019-11-08 05:50:22', '2019-11-08 05:50:22'),
(12, 'Aryan', 1, 1, 1, '2019-11-08 05:50:48', '2019-11-08 05:50:48'),
(13, 'Ansh', 1, 1, 1, '2019-11-08 05:51:01', '2019-11-08 05:51:01'),
(14, 'Shaurya', 1, 1, 1, '2019-11-08 05:51:14', '2019-11-08 05:51:14'),
(15, 'Madhavaditya', 1, 1, 1, '2019-11-08 05:51:38', '2019-11-08 05:51:38'),
(16, 'Dhruv', 1, 1, 1, '2019-11-08 05:51:50', '2019-11-08 05:51:50'),
(17, 'Krishna', 1, 1, 1, '2019-11-08 05:52:01', '2019-11-08 05:52:01'),
(18, 'Krish', 1, 1, 1, '2019-11-08 05:52:16', '2019-11-08 05:52:16'),
(19, 'Atharv', 1, 1, 1, '2019-11-08 05:52:33', '2019-11-08 05:52:33'),
(20, 'Ishaan', 1, 1, 1, '2019-11-08 05:52:47', '2019-11-08 05:52:47'),
(21, 'Ishaani', 1, 1, 1, '2019-11-08 05:52:57', '2019-11-08 05:52:57'),
(22, 'Raahithya', 1, 1, 1, '2019-11-08 05:53:13', '2019-11-08 05:53:13'),
(23, 'Kabir', 1, 1, 1, '2019-11-08 05:53:24', '2019-11-08 05:53:24'),
(24, 'Arush', 1, 1, 1, '2019-11-08 05:53:40', '2019-11-08 05:53:40'),
(25, 'Rudra', 1, 1, 1, '2019-11-08 05:53:53', '2019-11-08 05:53:53'),
(26, 'Anik', 1, 1, 1, '2019-11-08 05:54:03', '2019-11-08 05:54:03'),
(27, 'Om', 1, 1, 1, '2019-11-08 05:54:14', '2019-11-08 05:54:14'),
(28, 'Ajay', 1, 1, 1, '2019-11-08 05:54:25', '2019-11-08 05:54:25'),
(29, 'Akshay', 1, 1, 1, '2019-11-08 05:54:36', '2019-11-08 05:54:36'),
(30, 'Chetan', 1, 1, 1, '2019-11-08 05:54:47', '2019-11-08 05:54:47'),
(31, 'Manish', 1, 1, 1, '2019-11-08 05:54:58', '2019-11-08 05:54:58'),
(32, 'Manisha', 1, 1, 1, '2019-11-08 05:55:06', '2019-11-08 05:55:06'),
(33, 'Manoj', 1, 1, 1, '2019-11-08 05:55:18', '2019-11-08 05:55:18'),
(34, 'Mohan', 1, 1, 1, '2019-11-08 05:55:30', '2019-11-08 05:55:30'),
(35, 'Mohak', 1, 1, 1, '2019-11-08 05:55:37', '2019-11-08 05:55:37'),
(36, 'Prem', 1, 1, 1, '2019-11-08 05:56:02', '2019-11-08 05:56:02'),
(37, 'Rahul', 1, 1, 1, '2019-11-08 05:56:15', '2019-11-08 05:56:15'),
(38, 'Rajesh', 1, 1, 1, '2019-11-08 05:56:26', '2019-11-08 05:56:26'),
(39, 'Ramesh', 1, 1, 1, '2019-11-08 05:56:39', '2019-11-08 05:56:39'),
(40, 'Sanjay', 1, 1, 1, '2019-11-08 05:56:51', '2019-11-08 05:56:51'),
(41, 'Rohit', 1, 1, 1, '2019-11-08 05:57:05', '2019-11-08 05:57:05'),
(42, 'Vijay', 1, 1, 1, '2019-11-08 05:57:16', '2019-11-08 05:57:16'),
(43, 'Vinod', 1, 1, 1, '2019-11-08 05:57:27', '2019-11-08 05:57:27'),
(44, 'Abhay', 1, 1, 1, '2019-11-08 05:57:51', '2019-11-08 05:57:51'),
(45, 'Bodhi', 1, 1, 1, '2019-11-08 05:58:03', '2019-11-08 05:58:03'),
(46, 'Rajiv', 1, 1, 1, '2019-11-08 05:58:15', '2019-11-08 05:58:15'),
(47, 'Ravi', 1, 1, 1, '2019-11-08 05:58:23', '2019-11-08 05:58:23'),
(48, 'Kamal', 1, 1, 1, '2019-11-08 05:58:51', '2019-11-08 05:58:51'),
(49, 'Kamala', 1, 1, 1, '2019-11-08 05:58:56', '2019-11-08 05:58:56'),
(50, 'Navin', 1, 1, 1, '2019-11-08 05:59:08', '2019-11-08 05:59:08'),
(51, 'Rohan', 1, 1, 1, '2019-11-08 05:59:20', '2019-11-08 05:59:20'),
(52, 'Rohit', 1, 1, 1, '2019-11-08 05:59:26', '2019-11-08 05:59:26'),
(53, 'Advik', 1, 1, 1, '2019-11-08 05:59:37', '2019-11-08 05:59:37'),
(54, 'Ayush', 1, 1, 1, '2019-11-08 05:59:50', '2019-11-08 05:59:50'),
(55, 'Siddharth', 1, 1, 1, '2019-11-08 06:00:02', '2019-11-08 06:00:02'),
(56, 'Advaith', 1, 1, 1, '2019-11-08 06:00:19', '2019-11-08 06:00:19'),
(57, 'Raghav', 1, 1, 1, '2019-11-08 06:00:30', '2019-11-08 06:00:30'),
(58, 'Raghu', 1, 1, 1, '2019-11-08 06:00:40', '2019-11-08 06:00:40'),
(59, 'Dev', 1, 1, 1, '2019-11-08 06:00:52', '2019-11-08 06:00:52'),
(60, 'Devi', 1, 1, 1, '2019-11-08 06:00:57', '2019-11-08 06:00:57'),
(61, 'Parth', 1, 1, 1, '2019-11-08 06:01:10', '2019-11-08 06:01:10'),
(62, 'Partho', 1, 1, 1, '2019-11-08 06:01:15', '2019-11-08 06:01:15'),
(63, 'Abdul', 1, 1, 1, '2019-11-08 06:01:26', '2019-11-08 06:01:26'),
(64, 'Shivansh', 1, 1, 1, '2019-11-08 06:01:43', '2019-11-08 06:01:43'),
(65, 'Samar', 1, 1, 1, '2019-11-08 06:01:55', '2019-11-08 06:01:55'),
(66, 'Sameer', 1, 1, 1, '2019-11-08 06:02:05', '2019-11-08 06:02:05'),
(67, 'Pratyush', 1, 1, 1, '2019-11-08 06:02:17', '2019-11-08 06:02:17'),
(68, 'Pratyusha', 1, 1, 1, '2019-11-08 06:02:21', '2019-11-08 06:02:21'),
(69, 'Neil', 1, 1, 1, '2019-11-08 06:02:34', '2019-11-08 06:02:34'),
(70, 'Nitin', 1, 1, 1, '2019-11-08 06:02:42', '2019-11-08 06:02:42'),
(71, 'Mukesh', 1, 1, 1, '2019-11-08 06:02:54', '2019-11-08 06:02:54'),
(72, 'Devansh', 1, 1, 1, '2019-11-08 06:03:08', '2019-11-08 06:03:08'),
(73, 'Devanshi', 1, 1, 1, '2019-11-08 06:03:13', '2019-11-08 06:03:13'),
(74, 'Yash', 1, 1, 1, '2019-11-08 06:03:24', '2019-11-08 06:03:24'),
(75, 'Raj', 1, 1, 1, '2019-11-08 06:03:38', '2019-11-08 06:03:38'),
(76, 'Tejas\r\n', 1, 1, 1, '2019-11-08 06:03:54', '2019-11-08 06:03:54'),
(77, 'Tejasvini', 1, 1, 1, '2019-11-08 06:04:23', '2019-11-08 06:04:23'),
(78, 'Zayn', 1, 1, 1, '2019-11-08 06:04:36', '2019-11-08 06:04:36'),
(79, 'Darsh', 1, 1, 1, '2019-11-08 06:04:46', '2019-11-08 06:04:46'),
(80, 'Sarthak', 1, 1, 1, '2019-11-08 06:05:10', '2019-11-08 06:05:10'),
(81, 'Gautam', 1, 1, 1, '2019-11-08 06:05:21', '2019-11-08 06:05:21'),
(82, 'Gautami', 1, 1, 1, '2019-11-08 06:06:41', '2019-11-08 06:06:41'),
(83, 'Agastya', 1, 1, 1, '2019-11-08 06:06:54', '2019-11-08 06:06:54'),
(84, 'Samarth', 1, 1, 1, '2019-11-08 06:07:07', '2019-11-08 06:07:07'),
(85, 'Samar', 1, 1, 1, '2019-11-08 06:07:18', '2019-11-08 06:07:18'),
(86, 'Pranav', 1, 1, 1, '2019-11-08 06:07:30', '2019-11-08 06:07:30'),
(87, 'Daksh', 1, 1, 1, '2019-11-08 06:07:43', '2019-11-08 06:07:43'),
(88, 'Aadesh', 1, 1, 1, '2019-11-08 06:07:54', '2019-11-08 06:07:54'),
(89, 'Aakash', 1, 1, 1, '2019-11-08 06:08:04', '2019-11-08 06:08:04'),
(90, 'Abhimanyu', 1, 1, 1, '2019-11-08 06:08:17', '2019-11-08 06:08:17'),
(91, 'Adit', 1, 1, 1, '2019-11-08 06:08:28', '2019-11-08 06:08:28'),
(92, 'Adnan', 1, 1, 1, '2019-11-08 06:08:40', '2019-11-08 06:08:40'),
(93, 'Amandeep', 1, 1, 1, '2019-11-08 06:08:56', '2019-11-08 06:08:56'),
(94, 'Aman', 1, 1, 1, '2019-11-08 06:09:02', '2019-11-08 06:09:02'),
(95, 'Bharat', 1, 1, 1, '2019-11-08 06:09:17', '2019-11-08 06:09:17'),
(96, 'Bharati', 1, 1, 1, '2019-11-08 06:09:23', '2019-11-08 06:09:23'),
(97, 'Chandan', 1, 1, 1, '2019-11-08 06:09:34', '2019-11-08 06:09:34'),
(98, 'Chandni', 1, 1, 1, '2019-11-08 06:09:44', '2019-11-08 06:09:44'),
(99, 'Dalip', 1, 1, 1, '2019-11-08 06:09:55', '2019-11-08 06:09:55'),
(100, 'Deepak', 1, 1, 1, '2019-11-08 06:10:08', '2019-11-08 06:10:08'),
(101, 'Deep', 1, 1, 1, '2019-11-08 06:10:13', '2019-11-08 06:10:13'),
(102, 'Deepika', 1, 1, 1, '2019-11-08 06:10:24', '2019-11-08 06:10:24'),
(103, 'Dinesh', 1, 1, 1, '2019-11-08 06:10:35', '2019-11-08 06:10:35'),
(104, 'Eklavya', 1, 1, 1, '2019-11-08 06:10:46', '2019-11-08 06:10:46'),
(105, 'Gaurav', 1, 1, 1, '2019-11-08 06:10:56', '2019-11-08 06:10:56'),
(106, 'Govinda', 1, 1, 1, '2019-11-08 06:11:06', '2019-11-08 06:11:06'),
(107, 'Gurdeep', 1, 1, 1, '2019-11-08 06:11:17', '2019-11-08 06:11:17'),
(108, 'Hari', 1, 1, 1, '2019-11-08 06:11:31', '2019-11-08 06:11:31'),
(109, 'Harish', 1, 1, 1, '2019-11-08 06:12:23', '2019-11-08 06:12:23'),
(110, 'Harsh', 1, 1, 1, '2019-11-08 06:12:34', '2019-11-08 06:12:34'),
(111, 'Harsha', 1, 1, 1, '2019-11-08 06:12:50', '2019-11-08 06:12:50'),
(112, 'Hemant', 1, 1, 1, '2019-11-08 06:13:04', '2019-11-08 06:13:04'),
(113, 'Hemani', 1, 1, 1, '2019-11-08 06:13:14', '2019-11-08 06:13:14'),
(114, 'Sabhya', 1, 1, 1, '2019-11-08 06:13:25', '2019-11-08 06:13:25'),
(115, 'Jai', 1, 1, 1, '2019-11-08 06:13:36', '2019-11-08 06:13:36'),
(116, 'Rishabh', 1, 1, 1, '2019-11-08 06:13:49', '2019-11-08 06:13:49'),
(117, 'Hrithik', 1, 1, 1, '2019-11-08 06:14:02', '2019-11-08 06:14:02'),
(118, 'Indra', 1, 1, 1, '2019-11-08 06:14:13', '2019-11-08 06:14:13'),
(119, 'Shakti', 1, 1, 1, '2019-11-08 06:14:25', '2019-11-08 06:14:25'),
(120, 'Jagan', 1, 1, 1, '2019-11-08 06:14:41', '2019-11-08 06:14:41'),
(121, 'Karan', 1, 1, 1, '2019-11-08 06:14:53', '2019-11-08 06:14:53'),
(122, 'Veer', 1, 1, 1, '2019-11-08 06:15:02', '2019-11-08 06:15:02'),
(123, 'Karthik', 1, 1, 1, '2019-11-08 06:15:13', '2019-11-08 06:15:13'),
(124, 'Kushal', 1, 1, 1, '2019-11-08 06:15:25', '2019-11-08 06:15:25'),
(125, 'Lalit', 1, 1, 1, '2019-11-08 06:15:36', '2019-11-08 06:15:36'),
(126, 'Lalita', 1, 1, 1, '2019-11-08 06:15:41', '2019-11-08 06:15:41'),
(127, 'Mehul', 1, 1, 1, '2019-11-08 06:15:52', '2019-11-08 06:15:52'),
(128, 'Nakul', 1, 1, 1, '2019-11-08 06:16:02', '2019-11-08 06:16:02'),
(129, 'Neha', 1, 1, 1, '2019-11-08 06:17:20', '2019-11-08 06:17:20'),
(130, 'Swati', 1, 1, 1, '2019-11-08 06:17:28', '2019-11-08 06:17:28'),
(131, 'Megha', 1, 1, 1, '2019-11-08 06:17:34', '2019-11-08 06:17:34'),
(132, 'Manali', 1, 1, 1, '2019-11-08 06:17:43', '2019-11-08 06:17:43'),
(133, 'Nekita', 1, 1, 1, '2019-11-08 06:17:51', '2019-11-08 06:17:51'),
(134, 'Sonal', 1, 1, 1, '2019-11-08 06:18:01', '2019-11-08 06:18:01'),
(135, 'Sonali', 1, 1, 1, '2019-11-08 06:18:09', '2019-11-08 06:18:09'),
(136, 'Sneha', 1, 1, 1, '2019-11-08 06:18:25', '2019-11-08 06:18:25'),
(137, 'Rani', 1, 1, 1, '2019-11-08 06:18:34', '2019-11-08 06:18:34'),
(138, 'Afreen', 1, 1, 1, '2019-11-08 06:18:45', '2019-11-08 06:18:45'),
(139, 'Komal', 1, 1, 1, '2019-11-08 06:18:54', '2019-11-08 06:18:54'),
(140, 'Shiva', 1, 1, 1, '2019-11-08 06:19:08', '2019-11-08 06:19:08'),
(141, 'Shiv', 1, 1, 1, '2019-11-08 06:19:13', '2019-11-08 06:19:13'),
(142, 'Shankar', 1, 1, 1, '2019-11-08 06:19:23', '2019-11-08 06:19:23'),
(143, 'Menal', 1, 1, 1, '2019-11-08 06:19:52', '2019-11-08 06:19:52'),
(144, 'Meenu', 1, 1, 1, '2019-11-08 06:20:00', '2019-11-08 06:20:00'),
(145, 'Payal', 1, 1, 1, '2019-11-08 06:20:06', '2019-11-08 06:20:06'),
(146, 'Akansha', 1, 1, 1, '2019-11-08 06:20:46', '2019-11-08 06:20:46'),
(147, 'Adya', 1, 1, 1, '2019-11-08 06:21:34', '2019-11-08 06:21:34'),
(148, 'Noor', 1, 1, 1, '2019-11-08 06:21:42', '2019-11-08 06:21:42'),
(149, 'Ankeita', 1, 1, 1, '2019-11-08 06:21:55', '2019-11-08 06:21:55'),
(150, 'Pooja', 1, 1, 1, '2019-11-08 06:22:02', '2019-11-08 06:22:02');

-- --------------------------------------------------------

--
-- Table structure for table `users`
--

CREATE TABLE `users` (
  `id` bigint(20) UNSIGNED NOT NULL,
  `userRole` int(11) DEFAULT NULL COMMENT 'desig_id',
  `desig_id` int(11) DEFAULT NULL,
  `org_id` int(11) DEFAULT NULL,
  `title` varchar(255) COLLATE utf8mb4_unicode_ci DEFAULT NULL,
  `first_name` varchar(255) COLLATE utf8mb4_unicode_ci DEFAULT NULL,
  `middle_name` varchar(50) COLLATE utf8mb4_unicode_ci DEFAULT NULL,
  `last_name` varchar(255) COLLATE utf8mb4_unicode_ci DEFAULT NULL,
  `status` varchar(255) COLLATE utf8mb4_unicode_ci NOT NULL,
  `start_date` varchar(255) COLLATE utf8mb4_unicode_ci DEFAULT NULL,
  `end_date` varchar(255) COLLATE utf8mb4_unicode_ci DEFAULT NULL,
  `mobile` varchar(255) COLLATE utf8mb4_unicode_ci DEFAULT NULL,
  `address` varchar(255) COLLATE utf8mb4_unicode_ci DEFAULT NULL,
  `profile_picture` varchar(300) COLLATE utf8mb4_unicode_ci NOT NULL,
  `created_by` int(11) NOT NULL DEFAULT 1,
  `updated_by` int(11) NOT NULL DEFAULT 1,
  `email` varchar(255) COLLATE utf8mb4_unicode_ci NOT NULL,
  `username` varchar(100) COLLATE utf8mb4_unicode_ci NOT NULL,
  `email_verified_at` timestamp NULL DEFAULT NULL,
  `password` varchar(255) COLLATE utf8mb4_unicode_ci NOT NULL,
  `remember_token` varchar(100) COLLATE utf8mb4_unicode_ci DEFAULT NULL,
  `created_at` timestamp NULL DEFAULT NULL,
  `updated_at` timestamp NULL DEFAULT NULL
) ENGINE=InnoDB DEFAULT CHARSET=utf8mb4 COLLATE=utf8mb4_unicode_ci;

--
-- Dumping data for table `users`
--

INSERT INTO `users` (`id`, `userRole`, `desig_id`, `org_id`, `title`, `first_name`, `middle_name`, `last_name`, `status`, `start_date`, `end_date`, `mobile`, `address`, `profile_picture`, `created_by`, `updated_by`, `email`, `username`, `email_verified_at`, `password`, `remember_token`, `created_at`, `updated_at`) VALUES
(12, 1, 1, 1, 'Mr.', 'Anjaneyulu', '', 'Dodde', '1', '2019-12-17', '2019-12-22', '9097736841', 'Adityapur', '', 1, 1, 'sachinkp.itscient@gmail.com', 'admin', NULL, '$2y$10$7qI/uwHSM7h2hutZB/mIWuyJNyTbElQ6WRI5Wc2hSimBwTKLjTYkC', '8ugYHkp9eGHKtC2RFKYmpzMwsFKbh8rybUBvvAEvRbksHT4m7qtbcpcNEKaG', '2019-12-17 05:29:38', '2020-01-31 01:57:18'),
(25, 3, 3, 1, 'Mr', 'Sachin', 'Kumar', 'Pramanik', '1', NULL, NULL, '9097736841', NULL, '', 1, 1, 'sachinkp.xdgdsgs@gmail.com', 'sachin', NULL, '$2y$10$vqeEdo9fYYqE088t52PbI.ycvj0UfYmWfScdVp/LmDKn.TwzvbQ4.', NULL, '2020-01-31 06:31:18', '2020-01-31 06:31:18');

-- --------------------------------------------------------

--
-- Table structure for table `user_data`
--

CREATE TABLE `user_data` (
  `user_id` int(11) NOT NULL,
  `name` varchar(200) NOT NULL,
  `org_id` int(11) NOT NULL,
  `created_by` int(11) NOT NULL,
  `updated_by` int(11) NOT NULL,
  `created_at` timestamp NOT NULL DEFAULT current_timestamp(),
  `updated_at` timestamp NOT NULL DEFAULT current_timestamp()
) ENGINE=InnoDB DEFAULT CHARSET=utf8mb4;

--
-- Dumping data for table `user_data`
--

INSERT INTO `user_data` (`user_id`, `name`, `org_id`, `created_by`, `updated_by`, `created_at`, `updated_at`) VALUES
(1, 'Master Admin', 1, 1, 1, '2019-11-08 05:46:19', '2019-11-08 05:46:19'),
(2, 'Aarav', 1, 1, 1, '2019-11-08 05:48:01', '2019-11-08 05:48:01'),
(3, 'Vivaan', 1, 1, 1, '2019-11-08 05:48:03', '2019-11-08 05:48:03'),
(4, 'Aditya', 1, 1, 1, '2019-11-08 05:48:40', '2019-11-08 05:48:40'),
(5, 'Vihaan', 1, 1, 1, '2019-11-08 05:49:04', '2019-11-08 05:49:04'),
(6, 'Arjun', 1, 1, 1, '2019-11-08 05:49:17', '2019-11-08 05:49:17'),
(7, 'Reyansh', 1, 1, 1, '2019-11-08 05:49:31', '2019-11-08 05:49:31'),
(8, 'Muhammad', 1, 1, 1, '2019-11-08 05:49:45', '2019-11-08 05:49:45'),
(9, 'Sai', 1, 1, 1, '2019-11-08 05:49:57', '2019-11-08 05:49:57'),
(10, 'Arnav', 1, 1, 1, '2019-11-08 05:50:11', '2019-11-08 05:50:11'),
(11, 'Ayaan', 1, 1, 1, '2019-11-08 05:50:22', '2019-11-08 05:50:22'),
(12, 'Aryan', 1, 1, 1, '2019-11-08 05:50:48', '2019-11-08 05:50:48'),
(13, 'Ansh', 1, 1, 1, '2019-11-08 05:51:01', '2019-11-08 05:51:01'),
(14, 'Shaurya', 1, 1, 1, '2019-11-08 05:51:14', '2019-11-08 05:51:14'),
(15, 'Madhavaditya', 1, 1, 1, '2019-11-08 05:51:38', '2019-11-08 05:51:38'),
(16, 'Dhruv', 1, 1, 1, '2019-11-08 05:51:50', '2019-11-08 05:51:50'),
(17, 'Krishna', 1, 1, 1, '2019-11-08 05:52:01', '2019-11-08 05:52:01'),
(18, 'Krish', 1, 1, 1, '2019-11-08 05:52:16', '2019-11-08 05:52:16'),
(19, 'Atharv', 1, 1, 1, '2019-11-08 05:52:33', '2019-11-08 05:52:33'),
(20, 'Ishaan', 1, 1, 1, '2019-11-08 05:52:47', '2019-11-08 05:52:47'),
(21, 'Ishaani', 1, 1, 1, '2019-11-08 05:52:57', '2019-11-08 05:52:57'),
(22, 'Raahithya', 1, 1, 1, '2019-11-08 05:53:13', '2019-11-08 05:53:13'),
(23, 'Kabir', 1, 1, 1, '2019-11-08 05:53:24', '2019-11-08 05:53:24'),
(24, 'Arush', 1, 1, 1, '2019-11-08 05:53:40', '2019-11-08 05:53:40'),
(25, 'Rudra', 1, 1, 1, '2019-11-08 05:53:53', '2019-11-08 05:53:53'),
(26, 'Anik', 1, 1, 1, '2019-11-08 05:54:03', '2019-11-08 05:54:03'),
(27, 'Om', 1, 1, 1, '2019-11-08 05:54:14', '2019-11-08 05:54:14'),
(28, 'Ajay', 1, 1, 1, '2019-11-08 05:54:25', '2019-11-08 05:54:25'),
(29, 'Akshay', 1, 1, 1, '2019-11-08 05:54:36', '2019-11-08 05:54:36'),
(30, 'Chetan', 1, 1, 1, '2019-11-08 05:54:47', '2019-11-08 05:54:47'),
(31, 'Manish', 1, 1, 1, '2019-11-08 05:54:58', '2019-11-08 05:54:58'),
(32, 'Manisha', 1, 1, 1, '2019-11-08 05:55:06', '2019-11-08 05:55:06'),
(33, 'Manoj', 1, 1, 1, '2019-11-08 05:55:18', '2019-11-08 05:55:18'),
(34, 'Mohan', 1, 1, 1, '2019-11-08 05:55:30', '2019-11-08 05:55:30'),
(35, 'Mohak', 1, 1, 1, '2019-11-08 05:55:37', '2019-11-08 05:55:37'),
(36, 'Prem', 1, 1, 1, '2019-11-08 05:56:02', '2019-11-08 05:56:02'),
(37, 'Rahul', 1, 1, 1, '2019-11-08 05:56:15', '2019-11-08 05:56:15'),
(38, 'Rajesh', 1, 1, 1, '2019-11-08 05:56:26', '2019-11-08 05:56:26'),
(39, 'Ramesh', 1, 1, 1, '2019-11-08 05:56:39', '2019-11-08 05:56:39'),
(40, 'Sanjay', 1, 1, 1, '2019-11-08 05:56:51', '2019-11-08 05:56:51'),
(41, 'Rohit', 1, 1, 1, '2019-11-08 05:57:05', '2019-11-08 05:57:05'),
(42, 'Vijay', 1, 1, 1, '2019-11-08 05:57:16', '2019-11-08 05:57:16'),
(43, 'Vinod', 1, 1, 1, '2019-11-08 05:57:27', '2019-11-08 05:57:27'),
(44, 'Abhay', 1, 1, 1, '2019-11-08 05:57:51', '2019-11-08 05:57:51'),
(45, 'Bodhi', 1, 1, 1, '2019-11-08 05:58:03', '2019-11-08 05:58:03'),
(46, 'Rajiv', 1, 1, 1, '2019-11-08 05:58:15', '2019-11-08 05:58:15'),
(47, 'Ravi', 1, 1, 1, '2019-11-08 05:58:23', '2019-11-08 05:58:23'),
(48, 'Kamal', 1, 1, 1, '2019-11-08 05:58:51', '2019-11-08 05:58:51'),
(49, 'Kamala', 1, 1, 1, '2019-11-08 05:58:56', '2019-11-08 05:58:56'),
(50, 'Navin', 1, 1, 1, '2019-11-08 05:59:08', '2019-11-08 05:59:08'),
(51, 'Rohan', 1, 1, 1, '2019-11-08 05:59:20', '2019-11-08 05:59:20'),
(52, 'Rohit', 1, 1, 1, '2019-11-08 05:59:26', '2019-11-08 05:59:26'),
(53, 'Advik', 1, 1, 1, '2019-11-08 05:59:37', '2019-11-08 05:59:37'),
(54, 'Ayush', 1, 1, 1, '2019-11-08 05:59:50', '2019-11-08 05:59:50'),
(55, 'Siddharth', 1, 1, 1, '2019-11-08 06:00:02', '2019-11-08 06:00:02'),
(56, 'Advaith', 1, 1, 1, '2019-11-08 06:00:19', '2019-11-08 06:00:19'),
(57, 'Raghav', 1, 1, 1, '2019-11-08 06:00:30', '2019-11-08 06:00:30'),
(58, 'Raghu', 1, 1, 1, '2019-11-08 06:00:40', '2019-11-08 06:00:40'),
(59, 'Dev', 1, 1, 1, '2019-11-08 06:00:52', '2019-11-08 06:00:52'),
(60, 'Devi', 1, 1, 1, '2019-11-08 06:00:57', '2019-11-08 06:00:57'),
(61, 'Parth', 1, 1, 1, '2019-11-08 06:01:10', '2019-11-08 06:01:10'),
(62, 'Partho', 1, 1, 1, '2019-11-08 06:01:15', '2019-11-08 06:01:15'),
(63, 'Abdul', 1, 1, 1, '2019-11-08 06:01:26', '2019-11-08 06:01:26'),
(64, 'Shivansh', 1, 1, 1, '2019-11-08 06:01:43', '2019-11-08 06:01:43'),
(65, 'Samar', 1, 1, 1, '2019-11-08 06:01:55', '2019-11-08 06:01:55'),
(66, 'Sameer', 1, 1, 1, '2019-11-08 06:02:05', '2019-11-08 06:02:05'),
(67, 'Pratyush', 1, 1, 1, '2019-11-08 06:02:17', '2019-11-08 06:02:17'),
(68, 'Pratyusha', 1, 1, 1, '2019-11-08 06:02:21', '2019-11-08 06:02:21'),
(69, 'Neil', 1, 1, 1, '2019-11-08 06:02:34', '2019-11-08 06:02:34'),
(70, 'Nitin', 1, 1, 1, '2019-11-08 06:02:42', '2019-11-08 06:02:42'),
(71, 'Mukesh', 1, 1, 1, '2019-11-08 06:02:54', '2019-11-08 06:02:54'),
(72, 'Devansh', 1, 1, 1, '2019-11-08 06:03:08', '2019-11-08 06:03:08'),
(73, 'Devanshi', 1, 1, 1, '2019-11-08 06:03:13', '2019-11-08 06:03:13'),
(74, 'Yash', 1, 1, 1, '2019-11-08 06:03:24', '2019-11-08 06:03:24'),
(75, 'Raj', 1, 1, 1, '2019-11-08 06:03:38', '2019-11-08 06:03:38'),
(76, 'Tejas\r\n', 1, 1, 1, '2019-11-08 06:03:54', '2019-11-08 06:03:54'),
(77, 'Tejasvini', 1, 1, 1, '2019-11-08 06:04:23', '2019-11-08 06:04:23'),
(78, 'Zayn', 1, 1, 1, '2019-11-08 06:04:36', '2019-11-08 06:04:36'),
(79, 'Darsh', 1, 1, 1, '2019-11-08 06:04:46', '2019-11-08 06:04:46'),
(80, 'Sarthak', 1, 1, 1, '2019-11-08 06:05:10', '2019-11-08 06:05:10'),
(81, 'Gautam', 1, 1, 1, '2019-11-08 06:05:21', '2019-11-08 06:05:21'),
(82, 'Gautami', 1, 1, 1, '2019-11-08 06:06:41', '2019-11-08 06:06:41'),
(83, 'Agastya', 1, 1, 1, '2019-11-08 06:06:54', '2019-11-08 06:06:54'),
(84, 'Samarth', 1, 1, 1, '2019-11-08 06:07:07', '2019-11-08 06:07:07'),
(85, 'Samar', 1, 1, 1, '2019-11-08 06:07:18', '2019-11-08 06:07:18'),
(86, 'Pranav', 1, 1, 1, '2019-11-08 06:07:30', '2019-11-08 06:07:30'),
(87, 'Daksh', 1, 1, 1, '2019-11-08 06:07:43', '2019-11-08 06:07:43'),
(88, 'Aadesh', 1, 1, 1, '2019-11-08 06:07:54', '2019-11-08 06:07:54'),
(89, 'Aakash', 1, 1, 1, '2019-11-08 06:08:04', '2019-11-08 06:08:04'),
(90, 'Abhimanyu', 1, 1, 1, '2019-11-08 06:08:17', '2019-11-08 06:08:17'),
(91, 'Adit', 1, 1, 1, '2019-11-08 06:08:28', '2019-11-08 06:08:28'),
(92, 'Adnan', 1, 1, 1, '2019-11-08 06:08:40', '2019-11-08 06:08:40'),
(93, 'Amandeep', 1, 1, 1, '2019-11-08 06:08:56', '2019-11-08 06:08:56'),
(94, 'Aman', 1, 1, 1, '2019-11-08 06:09:02', '2019-11-08 06:09:02'),
(95, 'Bharat', 1, 1, 1, '2019-11-08 06:09:17', '2019-11-08 06:09:17'),
(96, 'Bharati', 1, 1, 1, '2019-11-08 06:09:23', '2019-11-08 06:09:23'),
(97, 'Chandan', 1, 1, 1, '2019-11-08 06:09:34', '2019-11-08 06:09:34'),
(98, 'Chandni', 1, 1, 1, '2019-11-08 06:09:44', '2019-11-08 06:09:44'),
(99, 'Dalip', 1, 1, 1, '2019-11-08 06:09:55', '2019-11-08 06:09:55'),
(100, 'Deepak', 1, 1, 1, '2019-11-08 06:10:08', '2019-11-08 06:10:08'),
(101, 'Deep', 1, 1, 1, '2019-11-08 06:10:13', '2019-11-08 06:10:13'),
(102, 'Deepika', 1, 1, 1, '2019-11-08 06:10:24', '2019-11-08 06:10:24'),
(103, 'Dinesh', 1, 1, 1, '2019-11-08 06:10:35', '2019-11-08 06:10:35'),
(104, 'Eklavya', 1, 1, 1, '2019-11-08 06:10:46', '2019-11-08 06:10:46'),
(105, 'Gaurav', 1, 1, 1, '2019-11-08 06:10:56', '2019-11-08 06:10:56'),
(106, 'Govinda', 1, 1, 1, '2019-11-08 06:11:06', '2019-11-08 06:11:06'),
(107, 'Gurdeep', 1, 1, 1, '2019-11-08 06:11:17', '2019-11-08 06:11:17'),
(108, 'Hari', 1, 1, 1, '2019-11-08 06:11:31', '2019-11-08 06:11:31'),
(109, 'Harish', 1, 1, 1, '2019-11-08 06:12:23', '2019-11-08 06:12:23'),
(110, 'Harsh', 1, 1, 1, '2019-11-08 06:12:34', '2019-11-08 06:12:34'),
(111, 'Harsha', 1, 1, 1, '2019-11-08 06:12:50', '2019-11-08 06:12:50'),
(112, 'Hemant', 1, 1, 1, '2019-11-08 06:13:04', '2019-11-08 06:13:04'),
(113, 'Hemani', 1, 1, 1, '2019-11-08 06:13:14', '2019-11-08 06:13:14'),
(114, 'Sabhya', 1, 1, 1, '2019-11-08 06:13:25', '2019-11-08 06:13:25'),
(115, 'Jai', 1, 1, 1, '2019-11-08 06:13:36', '2019-11-08 06:13:36'),
(116, 'Rishabh', 1, 1, 1, '2019-11-08 06:13:49', '2019-11-08 06:13:49'),
(117, 'Hrithik', 1, 1, 1, '2019-11-08 06:14:02', '2019-11-08 06:14:02'),
(118, 'Indra', 1, 1, 1, '2019-11-08 06:14:13', '2019-11-08 06:14:13'),
(119, 'Shakti', 1, 1, 1, '2019-11-08 06:14:25', '2019-11-08 06:14:25'),
(120, 'Jagan', 1, 1, 1, '2019-11-08 06:14:41', '2019-11-08 06:14:41'),
(121, 'Karan', 1, 1, 1, '2019-11-08 06:14:53', '2019-11-08 06:14:53'),
(122, 'Veer', 1, 1, 1, '2019-11-08 06:15:02', '2019-11-08 06:15:02'),
(123, 'Karthik', 1, 1, 1, '2019-11-08 06:15:13', '2019-11-08 06:15:13'),
(124, 'Kushal', 1, 1, 1, '2019-11-08 06:15:25', '2019-11-08 06:15:25'),
(125, 'Lalit', 1, 1, 1, '2019-11-08 06:15:36', '2019-11-08 06:15:36'),
(126, 'Lalita', 1, 1, 1, '2019-11-08 06:15:41', '2019-11-08 06:15:41'),
(127, 'Mehul', 1, 1, 1, '2019-11-08 06:15:52', '2019-11-08 06:15:52'),
(128, 'Nakul', 1, 1, 1, '2019-11-08 06:16:02', '2019-11-08 06:16:02'),
(129, 'Neha', 1, 1, 1, '2019-11-08 06:17:20', '2019-11-08 06:17:20'),
(130, 'Swati', 1, 1, 1, '2019-11-08 06:17:28', '2019-11-08 06:17:28'),
(131, 'Megha', 1, 1, 1, '2019-11-08 06:17:34', '2019-11-08 06:17:34'),
(132, 'Manali', 1, 1, 1, '2019-11-08 06:17:43', '2019-11-08 06:17:43'),
(133, 'Nekita', 1, 1, 1, '2019-11-08 06:17:51', '2019-11-08 06:17:51'),
(134, 'Sonal', 1, 1, 1, '2019-11-08 06:18:01', '2019-11-08 06:18:01'),
(135, 'Sonali', 1, 1, 1, '2019-11-08 06:18:09', '2019-11-08 06:18:09'),
(136, 'Sneha', 1, 1, 1, '2019-11-08 06:18:25', '2019-11-08 06:18:25'),
(137, 'Rani', 1, 1, 1, '2019-11-08 06:18:34', '2019-11-08 06:18:34'),
(138, 'Afreen', 1, 1, 1, '2019-11-08 06:18:45', '2019-11-08 06:18:45'),
(139, 'Komal', 1, 1, 1, '2019-11-08 06:18:54', '2019-11-08 06:18:54'),
(140, 'Shiva', 1, 1, 1, '2019-11-08 06:19:08', '2019-11-08 06:19:08'),
(141, 'Shiv', 1, 1, 1, '2019-11-08 06:19:13', '2019-11-08 06:19:13'),
(142, 'Shankar', 1, 1, 1, '2019-11-08 06:19:23', '2019-11-08 06:19:23'),
(143, 'Menal', 1, 1, 1, '2019-11-08 06:19:52', '2019-11-08 06:19:52'),
(144, 'Meenu', 1, 1, 1, '2019-11-08 06:20:00', '2019-11-08 06:20:00'),
(145, 'Payal', 1, 1, 1, '2019-11-08 06:20:06', '2019-11-08 06:20:06'),
(146, 'Akansha', 1, 1, 1, '2019-11-08 06:20:46', '2019-11-08 06:20:46'),
(147, 'Adya', 1, 1, 1, '2019-11-08 06:21:34', '2019-11-08 06:21:34'),
(148, 'Noor', 1, 1, 1, '2019-11-08 06:21:42', '2019-11-08 06:21:42'),
(149, 'Ankeita', 1, 1, 1, '2019-11-08 06:21:55', '2019-11-08 06:21:55'),
(150, 'Pooja', 1, 1, 1, '2019-11-08 06:22:02', '2019-11-08 06:22:02');

-- --------------------------------------------------------

--
-- Table structure for table `user_desig`
--

CREATE TABLE `user_desig` (
  `user_desig_id` int(11) NOT NULL,
  `user_id` int(11) NOT NULL,
  `desig_id` int(11) NOT NULL,
  `created_by` int(11) NOT NULL,
  `updated_by` int(11) NOT NULL,
  `created_at` timestamp NOT NULL DEFAULT current_timestamp(),
  `updated_at` timestamp NOT NULL DEFAULT current_timestamp()
) ENGINE=InnoDB DEFAULT CHARSET=utf8mb4;

-- --------------------------------------------------------

--
-- Table structure for table `user_favourite`
--

CREATE TABLE `user_favourite` (
  `fav_id` int(11) NOT NULL,
  `user_id` int(11) NOT NULL,
  `geo_id` int(11) NOT NULL,
  `org_id` int(11) NOT NULL,
  `scheme_id` int(11) NOT NULL,
  `level_id` int(11) NOT NULL,
  `dept_id` int(11) NOT NULL,
  `mod_id` int(11) NOT NULL,
  `created_by` int(11) NOT NULL,
  `updated_by` int(11) NOT NULL,
  `created_at` timestamp NOT NULL DEFAULT current_timestamp(),
  `updated_at` timestamp NOT NULL DEFAULT current_timestamp()
) ENGINE=InnoDB DEFAULT CHARSET=utf8mb4;

-- --------------------------------------------------------

--
-- Table structure for table `year`
--

CREATE TABLE `year` (
  `year_id` int(11) NOT NULL,
  `year_value` varchar(10) NOT NULL,
  `status` int(11) NOT NULL,
  `created_by` int(11) NOT NULL,
  `updated_by` int(11) NOT NULL,
  `created_at` timestamp NOT NULL DEFAULT current_timestamp(),
  `updated_at` timestamp NOT NULL DEFAULT current_timestamp()
) ENGINE=InnoDB DEFAULT CHARSET=utf8mb4;

--
-- Dumping data for table `year`
--

INSERT INTO `year` (`year_id`, `year_value`, `status`, `created_by`, `updated_by`, `created_at`, `updated_at`) VALUES
(1, '2016-2017', 1, 1, 1, '2019-11-09 06:14:47', '2019-12-02 01:04:45'),
(2, '2017-2018', 1, 1, 1, '2019-11-09 06:14:47', '2019-12-02 01:04:40'),
(3, '2018-2019', 1, 1, 1, '2019-11-09 06:15:29', '2019-12-02 01:04:35'),
(4, '2019-2020', 1, 1, 1, '2019-11-09 06:15:29', '2019-11-09 06:15:29');

--
-- Indexes for dumped tables
--

--
-- Indexes for table `asset`
--
ALTER TABLE `asset`
  ADD PRIMARY KEY (`asset_id`);

--
-- Indexes for table `asset_block_count`
--
ALTER TABLE `asset_block_count`
  ADD PRIMARY KEY (`asset_block_count_id`);

--
-- Indexes for table `asset_cat`
--
ALTER TABLE `asset_cat`
  ADD PRIMARY KEY (`asset_cat_id`);

--
-- Indexes for table `asset_gallery`
--
ALTER TABLE `asset_gallery`
  ADD PRIMARY KEY (`asset_gallery_id`);

--
-- Indexes for table `asset_geo_location`
--
ALTER TABLE `asset_geo_location`
  ADD PRIMARY KEY (`asset_geo_loc_id`);

--
-- Indexes for table `asset_numbers`
--
ALTER TABLE `asset_numbers`
  ADD PRIMARY KEY (`asset_numbers_id`);

--
-- Indexes for table `asset_subcat`
--
ALTER TABLE `asset_subcat`
  ADD PRIMARY KEY (`asset_sub_id`);

--
-- Indexes for table `department`
--
ALTER TABLE `department`
  ADD PRIMARY KEY (`dept_id`);

--
-- Indexes for table `designation`
--
ALTER TABLE `designation`
  ADD PRIMARY KEY (`desig_id`);

--
-- Indexes for table `desig_permission`
--
ALTER TABLE `desig_permission`
  ADD PRIMARY KEY (`desig_permission_id`);

--
-- Indexes for table `favourite_block`
--
ALTER TABLE `favourite_block`
  ADD PRIMARY KEY (`favourite_block_id`);

--
-- Indexes for table `favourite_define_assets`
--
ALTER TABLE `favourite_define_assets`
  ADD PRIMARY KEY (`favourite_asset_id`);

--
-- Indexes for table `favourite_department`
--
ALTER TABLE `favourite_department`
  ADD PRIMARY KEY (`favourite_department_id`);

--
-- Indexes for table `favourite_panchayat`
--
ALTER TABLE `favourite_panchayat`
  ADD PRIMARY KEY (`favourite_panchayat_id`);

--
-- Indexes for table `favourite_scheme`
--
ALTER TABLE `favourite_scheme`
  ADD PRIMARY KEY (`favourite_scheme_id`);

--
-- Indexes for table `geo_location`
--
ALTER TABLE `geo_location`
  ADD PRIMARY KEY (`geo_location_id`);

--
-- Indexes for table `geo_structure`
--
ALTER TABLE `geo_structure`
  ADD PRIMARY KEY (`geo_id`);

--
-- Indexes for table `language`
--
ALTER TABLE `language`
  ADD PRIMARY KEY (`id`);

--
-- Indexes for table `level`
--
ALTER TABLE `level`
  ADD PRIMARY KEY (`level_id`);

--
-- Indexes for table `mgnrega_category`
--
ALTER TABLE `mgnrega_category`
  ADD PRIMARY KEY (`mgnrega_category_id`);

--
-- Indexes for table `migrations`
--
ALTER TABLE `migrations`
  ADD PRIMARY KEY (`id`);

--
-- Indexes for table `module`
--
ALTER TABLE `module`
  ADD PRIMARY KEY (`mod_id`);

--
-- Indexes for table `oauth_access_tokens`
--
ALTER TABLE `oauth_access_tokens`
  ADD PRIMARY KEY (`id`),
  ADD KEY `oauth_access_tokens_user_id_index` (`user_id`);

--
-- Indexes for table `oauth_auth_codes`
--
ALTER TABLE `oauth_auth_codes`
  ADD PRIMARY KEY (`id`);

--
-- Indexes for table `oauth_clients`
--
ALTER TABLE `oauth_clients`
  ADD PRIMARY KEY (`id`),
  ADD KEY `oauth_clients_user_id_index` (`user_id`);

--
-- Indexes for table `oauth_personal_access_clients`
--
ALTER TABLE `oauth_personal_access_clients`
  ADD PRIMARY KEY (`id`),
  ADD KEY `oauth_personal_access_clients_client_id_index` (`client_id`);

--
-- Indexes for table `oauth_refresh_tokens`
--
ALTER TABLE `oauth_refresh_tokens`
  ADD PRIMARY KEY (`id`),
  ADD KEY `oauth_refresh_tokens_access_token_id_index` (`access_token_id`);

--
-- Indexes for table `org`
--
ALTER TABLE `org`
  ADD PRIMARY KEY (`id`);

--
-- Indexes for table `organisation`
--
ALTER TABLE `organisation`
  ADD PRIMARY KEY (`org_id`);

--
-- Indexes for table `password_resets`
--
ALTER TABLE `password_resets`
  ADD KEY `password_resets_email_index` (`email`);

--
-- Indexes for table `scheme_assets`
--
ALTER TABLE `scheme_assets`
  ADD PRIMARY KEY (`scheme_asset_id`);

--
-- Indexes for table `scheme_block_performance`
--
ALTER TABLE `scheme_block_performance`
  ADD PRIMARY KEY (`scheme_block_performance_id`);

--
-- Indexes for table `scheme_data`
--
ALTER TABLE `scheme_data`
  ADD PRIMARY KEY (`scheme_data_id`);

--
-- Indexes for table `scheme_geo_location`
--
ALTER TABLE `scheme_geo_location`
  ADD PRIMARY KEY (`scheme_geo_location_id`);

--
-- Indexes for table `scheme_geo_target`
--
ALTER TABLE `scheme_geo_target`
  ADD PRIMARY KEY (`scheme_geo_target_id`);

--
-- Indexes for table `scheme_group`
--
ALTER TABLE `scheme_group`
  ADD PRIMARY KEY (`scheme_group_id`);

--
-- Indexes for table `scheme_indicator`
--
ALTER TABLE `scheme_indicator`
  ADD PRIMARY KEY (`indicator_id`);

--
-- Indexes for table `scheme_link`
--
ALTER TABLE `scheme_link`
  ADD PRIMARY KEY (`scheme_link_id`);

--
-- Indexes for table `scheme_performance`
--
ALTER TABLE `scheme_performance`
  ADD PRIMARY KEY (`scheme_performance_id`);

--
-- Indexes for table `scheme_performance_2`
--
ALTER TABLE `scheme_performance_2`
  ADD PRIMARY KEY (`scheme_performance_id`);

--
-- Indexes for table `scheme_structure`
--
ALTER TABLE `scheme_structure`
  ADD PRIMARY KEY (`scheme_id`);

--
-- Indexes for table `scheme_type`
--
ALTER TABLE `scheme_type`
  ADD PRIMARY KEY (`sch_type_id`);

--
-- Indexes for table `team`
--
ALTER TABLE `team`
  ADD PRIMARY KEY (`id`);

--
-- Indexes for table `uom`
--
ALTER TABLE `uom`
  ADD PRIMARY KEY (`uom_id`);

--
-- Indexes for table `uom_type`
--
ALTER TABLE `uom_type`
  ADD PRIMARY KEY (`uom_type_id`);

--
-- Indexes for table `user`
--
ALTER TABLE `user`
  ADD PRIMARY KEY (`user_id`);

--
-- Indexes for table `users`
--
ALTER TABLE `users`
  ADD PRIMARY KEY (`id`),
  ADD UNIQUE KEY `users_email_unique` (`email`);

--
-- Indexes for table `user_data`
--
ALTER TABLE `user_data`
  ADD PRIMARY KEY (`user_id`);

--
-- Indexes for table `user_desig`
--
ALTER TABLE `user_desig`
  ADD PRIMARY KEY (`user_desig_id`);

--
-- Indexes for table `user_favourite`
--
ALTER TABLE `user_favourite`
  ADD PRIMARY KEY (`fav_id`);

--
-- Indexes for table `year`
--
ALTER TABLE `year`
  ADD PRIMARY KEY (`year_id`);

--
-- AUTO_INCREMENT for dumped tables
--

--
-- AUTO_INCREMENT for table `asset`
--
ALTER TABLE `asset`
  MODIFY `asset_id` int(11) NOT NULL AUTO_INCREMENT, AUTO_INCREMENT=50;

--
-- AUTO_INCREMENT for table `asset_block_count`
--
ALTER TABLE `asset_block_count`
  MODIFY `asset_block_count_id` int(100) NOT NULL AUTO_INCREMENT, AUTO_INCREMENT=33;

--
-- AUTO_INCREMENT for table `asset_cat`
--
ALTER TABLE `asset_cat`
  MODIFY `asset_cat_id` int(11) NOT NULL AUTO_INCREMENT, AUTO_INCREMENT=31;

--
-- AUTO_INCREMENT for table `asset_gallery`
--
ALTER TABLE `asset_gallery`
  MODIFY `asset_gallery_id` int(11) NOT NULL AUTO_INCREMENT, AUTO_INCREMENT=12;

--
-- AUTO_INCREMENT for table `asset_geo_location`
--
ALTER TABLE `asset_geo_location`
  MODIFY `asset_geo_loc_id` int(100) NOT NULL AUTO_INCREMENT, AUTO_INCREMENT=47;

--
-- AUTO_INCREMENT for table `asset_numbers`
--
ALTER TABLE `asset_numbers`
  MODIFY `asset_numbers_id` int(100) NOT NULL AUTO_INCREMENT, AUTO_INCREMENT=19;

--
-- AUTO_INCREMENT for table `asset_subcat`
--
ALTER TABLE `asset_subcat`
  MODIFY `asset_sub_id` int(11) NOT NULL AUTO_INCREMENT, AUTO_INCREMENT=304;

--
-- AUTO_INCREMENT for table `department`
--
ALTER TABLE `department`
  MODIFY `dept_id` int(11) NOT NULL AUTO_INCREMENT, AUTO_INCREMENT=62;

--
-- AUTO_INCREMENT for table `designation`
--
ALTER TABLE `designation`
  MODIFY `desig_id` int(11) NOT NULL AUTO_INCREMENT, AUTO_INCREMENT=9;

--
-- AUTO_INCREMENT for table `desig_permission`
--
ALTER TABLE `desig_permission`
  MODIFY `desig_permission_id` int(11) NOT NULL AUTO_INCREMENT, AUTO_INCREMENT=223;

--
-- AUTO_INCREMENT for table `favourite_block`
--
ALTER TABLE `favourite_block`
  MODIFY `favourite_block_id` int(11) NOT NULL AUTO_INCREMENT, AUTO_INCREMENT=31;

--
-- AUTO_INCREMENT for table `favourite_define_assets`
--
ALTER TABLE `favourite_define_assets`
  MODIFY `favourite_asset_id` int(11) NOT NULL AUTO_INCREMENT, AUTO_INCREMENT=6;

--
-- AUTO_INCREMENT for table `favourite_department`
--
ALTER TABLE `favourite_department`
  MODIFY `favourite_department_id` int(11) NOT NULL AUTO_INCREMENT, AUTO_INCREMENT=310;

--
-- AUTO_INCREMENT for table `favourite_panchayat`
--
ALTER TABLE `favourite_panchayat`
  MODIFY `favourite_panchayat_id` int(11) NOT NULL AUTO_INCREMENT, AUTO_INCREMENT=37;

--
-- AUTO_INCREMENT for table `favourite_scheme`
--
ALTER TABLE `favourite_scheme`
  MODIFY `favourite_scheme_id` int(11) NOT NULL AUTO_INCREMENT, AUTO_INCREMENT=49;

--
-- AUTO_INCREMENT for table `geo_location`
--
ALTER TABLE `geo_location`
  MODIFY `geo_location_id` int(11) NOT NULL AUTO_INCREMENT;

--
-- AUTO_INCREMENT for table `geo_structure`
--
ALTER TABLE `geo_structure`
  MODIFY `geo_id` int(11) NOT NULL AUTO_INCREMENT, AUTO_INCREMENT=165;

--
-- AUTO_INCREMENT for table `language`
--
ALTER TABLE `language`
  MODIFY `id` int(11) NOT NULL AUTO_INCREMENT, AUTO_INCREMENT=3;

--
-- AUTO_INCREMENT for table `level`
--
ALTER TABLE `level`
  MODIFY `level_id` int(11) NOT NULL AUTO_INCREMENT, AUTO_INCREMENT=5;

--
-- AUTO_INCREMENT for table `mgnrega_category`
--
ALTER TABLE `mgnrega_category`
  MODIFY `mgnrega_category_id` int(11) NOT NULL AUTO_INCREMENT, AUTO_INCREMENT=10;

--
-- AUTO_INCREMENT for table `migrations`
--
ALTER TABLE `migrations`
  MODIFY `id` int(10) UNSIGNED NOT NULL AUTO_INCREMENT, AUTO_INCREMENT=8;

--
-- AUTO_INCREMENT for table `module`
--
ALTER TABLE `module`
  MODIFY `mod_id` int(11) NOT NULL AUTO_INCREMENT, AUTO_INCREMENT=51;

--
-- AUTO_INCREMENT for table `oauth_clients`
--
ALTER TABLE `oauth_clients`
  MODIFY `id` int(10) UNSIGNED NOT NULL AUTO_INCREMENT, AUTO_INCREMENT=2;

--
-- AUTO_INCREMENT for table `oauth_personal_access_clients`
--
ALTER TABLE `oauth_personal_access_clients`
  MODIFY `id` int(10) UNSIGNED NOT NULL AUTO_INCREMENT, AUTO_INCREMENT=2;

--
-- AUTO_INCREMENT for table `org`
--
ALTER TABLE `org`
  MODIFY `id` int(11) NOT NULL AUTO_INCREMENT, AUTO_INCREMENT=4;

--
-- AUTO_INCREMENT for table `organisation`
--
ALTER TABLE `organisation`
  MODIFY `org_id` int(11) NOT NULL AUTO_INCREMENT, AUTO_INCREMENT=2;

--
-- AUTO_INCREMENT for table `scheme_assets`
--
ALTER TABLE `scheme_assets`
  MODIFY `scheme_asset_id` int(11) NOT NULL AUTO_INCREMENT, AUTO_INCREMENT=57;

--
-- AUTO_INCREMENT for table `scheme_block_performance`
--
ALTER TABLE `scheme_block_performance`
  MODIFY `scheme_block_performance_id` bigint(20) NOT NULL AUTO_INCREMENT, AUTO_INCREMENT=20;

--
-- AUTO_INCREMENT for table `scheme_data`
--
ALTER TABLE `scheme_data`
  MODIFY `scheme_data_id` int(11) NOT NULL AUTO_INCREMENT;

--
-- AUTO_INCREMENT for table `scheme_geo_location`
--
ALTER TABLE `scheme_geo_location`
  MODIFY `scheme_geo_location_id` int(11) NOT NULL AUTO_INCREMENT, AUTO_INCREMENT=5;

--
-- AUTO_INCREMENT for table `scheme_geo_target`
--
ALTER TABLE `scheme_geo_target`
  MODIFY `scheme_geo_target_id` bigint(20) NOT NULL AUTO_INCREMENT, AUTO_INCREMENT=69;

--
-- AUTO_INCREMENT for table `scheme_group`
--
ALTER TABLE `scheme_group`
  MODIFY `scheme_group_id` int(11) NOT NULL AUTO_INCREMENT, AUTO_INCREMENT=10;

--
-- AUTO_INCREMENT for table `scheme_indicator`
--
ALTER TABLE `scheme_indicator`
  MODIFY `indicator_id` int(11) NOT NULL AUTO_INCREMENT, AUTO_INCREMENT=150;

--
-- AUTO_INCREMENT for table `scheme_link`
--
ALTER TABLE `scheme_link`
  MODIFY `scheme_link_id` int(11) NOT NULL AUTO_INCREMENT;

--
-- AUTO_INCREMENT for table `scheme_performance`
--
ALTER TABLE `scheme_performance`
  MODIFY `scheme_performance_id` int(11) NOT NULL AUTO_INCREMENT, AUTO_INCREMENT=126;

--
-- AUTO_INCREMENT for table `scheme_performance_2`
--
ALTER TABLE `scheme_performance_2`
  MODIFY `scheme_performance_id` int(11) NOT NULL AUTO_INCREMENT, AUTO_INCREMENT=30;

--
-- AUTO_INCREMENT for table `scheme_structure`
--
ALTER TABLE `scheme_structure`
  MODIFY `scheme_id` int(11) NOT NULL AUTO_INCREMENT, AUTO_INCREMENT=139;

--
-- AUTO_INCREMENT for table `scheme_type`
--
ALTER TABLE `scheme_type`
  MODIFY `sch_type_id` int(11) NOT NULL AUTO_INCREMENT, AUTO_INCREMENT=3;

--
-- AUTO_INCREMENT for table `team`
--
ALTER TABLE `team`
  MODIFY `id` int(11) NOT NULL AUTO_INCREMENT, AUTO_INCREMENT=5;

--
-- AUTO_INCREMENT for table `uom`
--
ALTER TABLE `uom`
  MODIFY `uom_id` int(11) NOT NULL AUTO_INCREMENT, AUTO_INCREMENT=2;

--
-- AUTO_INCREMENT for table `uom_type`
--
ALTER TABLE `uom_type`
  MODIFY `uom_type_id` int(11) NOT NULL AUTO_INCREMENT, AUTO_INCREMENT=6;

--
-- AUTO_INCREMENT for table `user`
--
ALTER TABLE `user`
  MODIFY `user_id` int(11) NOT NULL AUTO_INCREMENT, AUTO_INCREMENT=151;

--
-- AUTO_INCREMENT for table `users`
--
ALTER TABLE `users`
  MODIFY `id` bigint(20) UNSIGNED NOT NULL AUTO_INCREMENT, AUTO_INCREMENT=26;

--
-- AUTO_INCREMENT for table `user_data`
--
ALTER TABLE `user_data`
  MODIFY `user_id` int(11) NOT NULL AUTO_INCREMENT, AUTO_INCREMENT=151;

--
-- AUTO_INCREMENT for table `user_desig`
--
ALTER TABLE `user_desig`
  MODIFY `user_desig_id` int(11) NOT NULL AUTO_INCREMENT;

--
-- AUTO_INCREMENT for table `user_favourite`
--
ALTER TABLE `user_favourite`
  MODIFY `fav_id` int(11) NOT NULL AUTO_INCREMENT;

--
-- AUTO_INCREMENT for table `year`
--
ALTER TABLE `year`
  MODIFY `year_id` int(11) NOT NULL AUTO_INCREMENT, AUTO_INCREMENT=10;
COMMIT;

/*!40101 SET CHARACTER_SET_CLIENT=@OLD_CHARACTER_SET_CLIENT */;
/*!40101 SET CHARACTER_SET_RESULTS=@OLD_CHARACTER_SET_RESULTS */;
/*!40101 SET COLLATION_CONNECTION=@OLD_COLLATION_CONNECTION */;
