-- phpMyAdmin SQL Dump
-- version 4.9.1
-- https://www.phpmyadmin.net/
--
-- Host: 127.0.0.1
-- Generation Time: Nov 21, 2019 at 05:57 AM
-- Server version: 10.4.8-MariaDB
-- PHP Version: 7.1.32

SET SQL_MODE = "NO_AUTO_VALUE_ON_ZERO";
SET AUTOCOMMIT = 0;
START TRANSACTION;
SET time_zone = "+00:00";


/*!40101 SET @OLD_CHARACTER_SET_CLIENT=@@CHARACTER_SET_CLIENT */;
/*!40101 SET @OLD_CHARACTER_SET_RESULTS=@@CHARACTER_SET_RESULTS */;
/*!40101 SET @OLD_COLLATION_CONNECTION=@@COLLATION_CONNECTION */;
/*!40101 SET NAMES utf8mb4 */;

--
-- Database: `seraikela`
--

-- --------------------------------------------------------

--
-- Table structure for table `asset`
--

CREATE TABLE `asset` (
  `asset_id` int(11) NOT NULL,
  `asset_name` varchar(200) NOT NULL,
  `movable` varchar(5) NOT NULL,
  `dept_id` int(11) NOT NULL,
  `created_by` int(11) NOT NULL,
  `updated_by` int(11) NOT NULL,
  `created_at` timestamp NOT NULL DEFAULT current_timestamp(),
  `updated_at` timestamp NOT NULL DEFAULT current_timestamp()
) ENGINE=InnoDB DEFAULT CHARSET=utf8mb4;

--
-- Dumping data for table `asset`
--

INSERT INTO `asset` (`asset_id`, `asset_name`, `movable`, `dept_id`, `created_by`, `updated_by`, `created_at`, `updated_at`) VALUES
(5, 'Ambulance', '1', 1, 1, 1, '2019-11-20 00:29:12', '2019-11-20 00:29:12'),
(6, 'Hospital', '0', 1, 1, 1, '2019-11-10 22:51:28', '2019-11-12 18:43:36'),
(7, 'Building', '0', 4, 1, 1, '2019-11-12 18:43:04', '2019-11-12 20:16:47'),
(8, 'School', '0', 4, 1, 1, '2019-11-13 00:00:52', '2019-11-13 17:46:29');

-- --------------------------------------------------------

--
-- Table structure for table `asset_block_count`
--

CREATE TABLE `asset_block_count` (
  `asset_block_count_id` int(100) NOT NULL,
  `org_id` int(100) NOT NULL DEFAULT 1,
  `asset_id` int(100) NOT NULL,
  `geo_id` int(100) NOT NULL COMMENT 'block',
  `year` varchar(10) NOT NULL,
  `count` int(100) NOT NULL,
  `created_by` int(100) NOT NULL,
  `updated_by` int(100) NOT NULL,
  `created_at` timestamp NOT NULL DEFAULT current_timestamp(),
  `updated_at` timestamp NOT NULL DEFAULT current_timestamp()
) ENGINE=InnoDB DEFAULT CHARSET=latin1;

--
-- Dumping data for table `asset_block_count`
--

INSERT INTO `asset_block_count` (`asset_block_count_id`, `org_id`, `asset_id`, `geo_id`, `year`, `count`, `created_by`, `updated_by`, `created_at`, `updated_at`) VALUES
(5, 1, 6, 11, '4', 3, 1, 1, '2019-11-20 00:35:07', '2019-11-20 05:09:58'),
(6, 1, 5, 11, '4', 2, 1, 1, '2019-11-20 00:54:28', '2019-11-20 00:54:28'),
(7, 1, 5, 10, '4', 3, 1, 1, '2019-11-20 01:12:56', '2019-11-20 01:12:56');

-- --------------------------------------------------------

--
-- Table structure for table `asset_geo_location`
--

CREATE TABLE `asset_geo_location` (
  `asset_geo_loc_id` int(100) NOT NULL,
  `asset_id` int(100) NOT NULL,
  `geo_id` int(100) NOT NULL,
  `location_name` varchar(100) NOT NULL,
  `latitude` varchar(100) NOT NULL,
  `longitude` varchar(100) NOT NULL,
  `org_id` int(100) NOT NULL DEFAULT 1,
  `year` int(100) NOT NULL,
  `created_by` int(100) NOT NULL,
  `updated_by` int(100) NOT NULL,
  `created_at` timestamp NOT NULL DEFAULT current_timestamp(),
  `updated_at` timestamp NOT NULL DEFAULT current_timestamp()
) ENGINE=InnoDB DEFAULT CHARSET=latin1;

--
-- Dumping data for table `asset_geo_location`
--

INSERT INTO `asset_geo_location` (`asset_geo_loc_id`, `asset_id`, `geo_id`, `location_name`, `latitude`, `longitude`, `org_id`, `year`, `created_by`, `updated_by`, `created_at`, `updated_at`) VALUES
(1, 6, 54, 'Hospital1', '22.797757', '86.135284', 1, 4, 1, 1, '2019-11-20 00:35:07', '2019-11-20 00:35:07'),
(2, 6, 54, 'Hospital2', '22.797983', '86.134458', 1, 4, 1, 1, '2019-11-20 00:35:07', '2019-11-20 00:35:07'),
(3, 6, 54, 'Hospital3', '22.797355', '86.133877', 1, 4, 1, 1, '2019-11-20 00:35:07', '2019-11-20 00:35:07');

-- --------------------------------------------------------

--
-- Table structure for table `asset_numbers`
--

CREATE TABLE `asset_numbers` (
  `asset_numbers_id` int(100) NOT NULL,
  `asset_id` int(100) NOT NULL,
  `geo_id` int(100) NOT NULL,
  `pre_value` int(100) NOT NULL,
  `current_value` int(100) NOT NULL,
  `year` varchar(100) NOT NULL,
  `org_id` int(100) NOT NULL DEFAULT 1,
  `created_by` int(100) NOT NULL,
  `updated_by` int(100) NOT NULL,
  `created_at` timestamp NOT NULL DEFAULT current_timestamp(),
  `updated_at` timestamp NOT NULL DEFAULT current_timestamp()
) ENGINE=InnoDB DEFAULT CHARSET=latin1;

--
-- Dumping data for table `asset_numbers`
--

INSERT INTO `asset_numbers` (`asset_numbers_id`, `asset_id`, `geo_id`, `pre_value`, `current_value`, `year`, `org_id`, `created_by`, `updated_by`, `created_at`, `updated_at`) VALUES
(14, 6, 54, 5, 3, '4', 1, 1, 1, '2019-11-20 00:35:07', '2019-11-20 05:09:58'),
(15, 5, 54, 0, 2, '4', 1, 1, 1, '2019-11-20 00:54:28', '2019-11-20 00:54:28'),
(16, 5, 95, 0, 3, '4', 1, 1, 1, '2019-11-20 01:12:56', '2019-11-20 01:12:56');

-- --------------------------------------------------------

--
-- Table structure for table `department`
--

CREATE TABLE `department` (
  `dept_id` int(11) NOT NULL,
  `dept_name` varchar(50) NOT NULL,
  `is_active` int(11) NOT NULL,
  `org_id` int(11) NOT NULL,
  `created_by` int(11) NOT NULL,
  `updated_by` int(11) NOT NULL,
  `created_at` timestamp NOT NULL DEFAULT current_timestamp(),
  `updated_at` timestamp NOT NULL DEFAULT current_timestamp()
) ENGINE=InnoDB DEFAULT CHARSET=utf8mb4;

--
-- Dumping data for table `department`
--

INSERT INTO `department` (`dept_id`, `dept_name`, `is_active`, `org_id`, `created_by`, `updated_by`, `created_at`, `updated_at`) VALUES
(1, 'Health', 1, 1, 1, 1, '2019-11-09 06:09:02', '2019-11-09 06:09:02'),
(2, 'Land and Revenue', 1, 1, 1, 1, '2019-11-09 06:09:02', '2019-11-09 06:09:02'),
(3, 'Welfare', 1, 1, 1, 1, '2019-11-09 06:09:39', '2019-11-09 06:09:39'),
(4, 'Education', 1, 1, 1, 1, '2019-11-09 06:09:39', '2019-11-09 06:09:39'),
(5, 'Land Acquisition', 1, 1, 1, 1, '2019-11-09 06:10:35', '2019-11-09 06:10:35'),
(6, 'Election', 1, 1, 1, 1, '2019-11-09 06:10:35', '2019-11-09 06:10:35'),
(7, 'Agriculture', 1, 1, 1, 1, '2019-11-09 06:11:13', '2019-11-09 06:11:13'),
(8, 'Animal Husbandry', 1, 1, 1, 1, '2019-11-09 06:11:13', '2019-11-09 06:11:13'),
(9, 'Social Welfare', 1, 1, 1, 1, '2019-11-09 06:12:18', '2019-11-09 06:12:18'),
(10, 'Drinking Water and Sanitation', 1, 1, 1, 1, '2019-11-09 06:12:18', '2019-11-09 06:12:18'),
(11, 'Social Security Scheme', 1, 1, 1, 1, '2019-11-09 06:12:42', '2019-11-09 06:12:42'),
(23, 'New Department', 1, 1, 1, 1, '2019-11-12 04:36:59', '2019-11-12 04:36:59');

-- --------------------------------------------------------

--
-- Table structure for table `designation`
--

CREATE TABLE `designation` (
  `desig_id` int(11) NOT NULL,
  `name` varchar(50) NOT NULL,
  `org_id` int(11) NOT NULL,
  `created_by` int(11) NOT NULL,
  `updated_by` int(11) NOT NULL,
  `created_at` timestamp NOT NULL DEFAULT current_timestamp(),
  `updated_at` timestamp NOT NULL DEFAULT current_timestamp()
) ENGINE=InnoDB DEFAULT CHARSET=utf8mb4;

--
-- Dumping data for table `designation`
--

INSERT INTO `designation` (`desig_id`, `name`, `org_id`, `created_by`, `updated_by`, `created_at`, `updated_at`) VALUES
(1, 'DC', 1, 1, 1, '2019-11-09 06:04:57', '2019-11-09 06:04:57'),
(2, 'SDO', 1, 1, 1, '2019-11-09 06:04:57', '2019-11-09 06:04:57'),
(3, 'BDO', 1, 1, 1, '2019-11-09 06:05:31', '2019-11-09 06:05:31'),
(4, 'PO', 1, 1, 1, '2019-11-09 06:05:31', '2019-11-09 06:05:31');

-- --------------------------------------------------------

--
-- Table structure for table `desig_permission`
--

CREATE TABLE `desig_permission` (
  `desig_permission_id` int(11) NOT NULL,
  `desig_id` int(11) NOT NULL,
  `mod_id` int(11) NOT NULL,
  `add` int(11) NOT NULL,
  `edit` int(11) NOT NULL,
  `view` int(11) NOT NULL,
  `del` int(11) NOT NULL,
  `created_by` int(11) NOT NULL,
  `updated_by` int(11) NOT NULL,
  `created_at` timestamp NOT NULL DEFAULT current_timestamp(),
  `updated_at` timestamp NOT NULL DEFAULT current_timestamp()
) ENGINE=InnoDB DEFAULT CHARSET=utf8mb4;

-- --------------------------------------------------------

--
-- Table structure for table `geo_location`
--

CREATE TABLE `geo_location` (
  `geo_location_id` int(11) NOT NULL,
  `geo_related` varchar(4) NOT NULL,
  `linked_scheme_id` int(11) NOT NULL,
  `geo_id` int(11) NOT NULL,
  `created_by` int(11) NOT NULL,
  `updated_by` int(11) NOT NULL,
  `created_at` timestamp NOT NULL DEFAULT current_timestamp(),
  `updated_at` timestamp NOT NULL DEFAULT current_timestamp()
) ENGINE=InnoDB DEFAULT CHARSET=utf8mb4;

-- --------------------------------------------------------

--
-- Table structure for table `geo_structure`
--

CREATE TABLE `geo_structure` (
  `geo_id` int(11) NOT NULL,
  `org_id` int(11) NOT NULL,
  `geo_name` varchar(100) NOT NULL,
  `level_id` int(11) NOT NULL,
  `officer_id` int(11) NOT NULL,
  `parent_id` int(11) NOT NULL,
  `dist_id` int(11) NOT NULL,
  `sd_id` int(11) NOT NULL,
  `bl_id` int(11) NOT NULL,
  `created_by` int(11) NOT NULL,
  `updated_by` int(11) NOT NULL,
  `created_at` timestamp NOT NULL DEFAULT current_timestamp(),
  `updated_at` timestamp NOT NULL DEFAULT current_timestamp()
) ENGINE=InnoDB DEFAULT CHARSET=utf8mb4;

--
-- Dumping data for table `geo_structure`
--

INSERT INTO `geo_structure` (`geo_id`, `org_id`, `geo_name`, `level_id`, `officer_id`, `parent_id`, `dist_id`, `sd_id`, `bl_id`, `created_by`, `updated_by`, `created_at`, `updated_at`) VALUES
(1, 1, 'Seraikela', 1, 1, -1, -1, -1, -1, 1, 1, '2019-11-08 12:23:38', '2019-11-08 12:23:38'),
(2, 1, 'Seraikela', 2, 2, 1, 1, -1, -1, 1, 1, '2019-11-08 12:28:39', '2019-11-08 12:28:39'),
(3, 1, 'Chandil', 2, 3, 1, 1, -1, -1, 1, 1, '2019-11-08 12:28:39', '2019-11-08 12:28:39'),
(4, 1, 'Seraikella', 3, 4, 2, 1, 2, -1, 1, 1, '2019-11-08 12:49:31', '2019-11-08 12:49:31'),
(5, 1, 'Kharsawan', 3, 5, 2, 1, 2, -1, 1, 1, '2019-11-08 12:49:31', '2019-11-08 12:49:31'),
(6, 1, 'Gamharia', 3, 6, 2, 1, 2, -1, 1, 1, '2019-11-08 12:53:29', '2019-11-08 12:53:29'),
(7, 1, 'Rajnagar', 3, 7, 2, 1, 2, -1, 1, 1, '2019-11-08 12:53:29', '2019-11-08 12:53:29'),
(8, 1, 'Kuchai', 3, 8, 2, 1, 2, -1, 1, 1, '2019-11-08 12:55:27', '2019-11-08 12:55:27'),
(9, 1, 'Chandil', 3, 9, 3, 1, 3, -1, 1, 1, '2019-11-08 12:57:54', '2019-11-08 12:57:54'),
(10, 1, 'Ichagarh', 3, 10, 3, 1, 3, -1, 1, 1, '2019-11-08 12:57:54', '2019-11-08 12:57:54'),
(11, 1, 'Nimdih', 3, 11, 3, 1, 3, -1, 1, 1, '2019-11-08 12:59:46', '2019-11-08 12:59:46'),
(12, 1, 'Kukru', 3, 12, 3, 1, 3, -1, 1, 1, '2019-11-08 12:59:46', '2019-11-08 12:59:46'),
(13, 1, 'Chotadawan', 4, 13, 4, 1, 2, 4, 1, 1, '2019-11-08 13:14:07', '2019-11-08 13:14:07'),
(14, 1, 'Govindpur', 4, 14, 4, 1, 2, 4, 1, 1, '2019-11-08 13:14:07', '2019-11-08 13:14:07'),
(15, 1, 'Hudu', 4, 15, 4, 1, 2, 4, 1, 1, '2019-11-08 13:17:44', '2019-11-08 13:17:44'),
(16, 1, 'Itakudar', 4, 16, 4, 1, 2, 4, 1, 1, '2019-11-08 13:17:44', '2019-11-08 13:17:44'),
(17, 1, 'Kamalpur \r\n', 4, 17, 4, 1, 2, 4, 1, 1, '2019-11-08 14:30:07', '2019-11-08 14:30:07'),
(18, 1, 'Mohitpur ', 4, 18, 4, 1, 2, 4, 1, 1, '2019-11-08 14:30:07', '2019-11-08 14:30:07'),
(19, 1, 'Mundatand ', 4, 19, 4, 1, 2, 4, 1, 1, '2019-11-08 14:33:10', '2019-11-08 14:33:10'),
(20, 1, 'Murkum ', 4, 20, 4, 1, 2, 4, 1, 1, '2019-11-08 14:33:10', '2019-11-08 14:33:10'),
(21, 1, 'Murup ', 4, 21, 4, 1, 2, 4, 1, 1, '2019-11-08 14:36:30', '2019-11-08 14:36:30'),
(22, 1, 'Nuagaon ', 4, 22, 4, 1, 2, 4, 1, 1, '2019-11-08 14:36:30', '2019-11-08 14:36:30'),
(23, 1, 'Pandra ', 4, 23, 4, 1, 2, 4, 1, 1, '2019-11-08 14:38:59', '2019-11-08 14:38:59'),
(24, 1, 'Pathanmara ', 4, 24, 4, 1, 2, 4, 1, 1, '2019-11-08 14:38:59', '2019-11-08 14:38:59'),
(25, 1, 'Sini ', 4, 25, 4, 1, 2, 4, 1, 1, '2019-11-08 14:41:25', '2019-11-08 14:41:25'),
(26, 1, 'Uperdugni ', 4, 26, 4, 1, 2, 4, 1, 1, '2019-11-08 14:41:25', '2019-11-08 14:41:25'),
(27, 1, 'Badasijulda ', 4, 27, 7, 1, 2, 7, 1, 1, '2019-11-08 14:55:34', '2019-11-08 14:55:34'),
(28, 1, 'Bana ', 4, 28, 7, 1, 2, 7, 1, 1, '2019-11-08 14:55:34', '2019-11-08 14:55:34'),
(29, 1, 'Bandu ', 4, 29, 7, 1, 2, 7, 1, 1, '2019-11-08 15:01:08', '2019-11-08 15:01:08'),
(30, 1, 'Dhuripada ', 4, 30, 7, 1, 2, 7, 1, 1, '2019-11-08 15:01:08', '2019-11-08 15:01:08'),
(31, 1, 'Dumardih ', 4, 31, 7, 1, 2, 7, 1, 1, '2019-11-08 15:03:09', '2019-11-08 15:03:09'),
(32, 1, 'Edal ', 4, 32, 7, 1, 2, 7, 1, 1, '2019-11-08 15:03:09', '2019-11-08 15:03:09'),
(33, 1, 'Gamaharia ', 4, 33, 7, 1, 2, 7, 1, 1, '2019-11-08 15:04:59', '2019-11-08 15:04:59'),
(34, 1, 'Gengeruli ', 4, 34, 7, 1, 2, 7, 1, 1, '2019-11-08 15:04:59', '2019-11-08 15:04:59'),
(35, 1, 'Govindpur ', 4, 35, 7, 1, 2, 7, 1, 1, '2019-11-08 15:06:38', '2019-11-08 15:06:38'),
(36, 1, 'Herma ', 4, 36, 7, 1, 2, 7, 1, 1, '2019-11-08 15:06:38', '2019-11-08 15:06:38'),
(37, 1, 'Jonbani ', 4, 37, 7, 1, 2, 7, 1, 1, '2019-11-08 15:08:08', '2019-11-08 15:08:08'),
(38, 1, 'Jumal ', 4, 38, 7, 1, 2, 7, 1, 1, '2019-11-08 15:08:08', '2019-11-08 15:08:08'),
(39, 1, 'Katanga ', 4, 39, 7, 1, 2, 7, 1, 1, '2019-11-08 15:09:46', '2019-11-08 15:09:46'),
(40, 1, 'Kendmundi ', 4, 40, 7, 1, 2, 7, 1, 1, '2019-11-08 15:09:46', '2019-11-08 15:09:46'),
(41, 1, 'Kuju ', 4, 41, 7, 1, 2, 7, 1, 1, '2019-11-08 15:11:15', '2019-11-08 15:11:15'),
(42, 1, 'Kurma ', 4, 42, 7, 1, 2, 7, 1, 1, '2019-11-08 15:11:15', '2019-11-08 15:11:15'),
(43, 1, 'Potka ', 4, 43, 7, 1, 2, 7, 1, 1, '2019-11-08 15:12:57', '2019-11-08 15:12:57'),
(44, 1, 'Rajnagar ', 4, 44, 7, 1, 2, 7, 1, 1, '2019-11-08 15:12:57', '2019-11-08 15:12:57'),
(45, 1, 'Tintidih ', 4, 45, 7, 1, 2, 7, 1, 1, '2019-11-08 15:14:43', '2019-11-08 15:14:43'),
(46, 1, 'Tumung ', 4, 46, 7, 1, 2, 7, 1, 1, '2019-11-08 15:14:43', '2019-11-08 15:14:43'),
(47, 1, 'Vijadih ', 4, 47, 7, 1, 2, 7, 1, 1, '2019-11-08 15:15:50', '2019-11-08 15:15:50'),
(48, 1, 'Badeda ', 4, 48, 11, 1, 3, 11, 1, 1, '2019-11-08 15:18:03', '2019-11-08 15:18:03'),
(49, 1, 'Chaliyama ', 4, 49, 11, 1, 3, 11, 1, 1, '2019-11-08 15:18:03', '2019-11-08 15:18:03'),
(50, 1, 'Chigraparkidih ', 4, 50, 11, 1, 3, 11, 1, 1, '2019-11-08 15:22:14', '2019-11-08 15:22:14'),
(51, 1, 'Gordih ', 4, 51, 11, 1, 3, 11, 1, 1, '2019-11-08 15:22:14', '2019-11-08 15:22:14'),
(52, 1, 'Gunda ', 4, 52, 11, 1, 3, 11, 1, 1, '2019-11-08 15:23:32', '2019-11-08 15:23:32'),
(53, 1, 'Heven ', 4, 53, 11, 1, 3, 11, 1, 1, '2019-11-08 15:23:32', '2019-11-08 15:23:32'),
(54, 1, 'Adardih ', 4, 54, 11, 1, 3, 11, 1, 1, '2019-11-08 15:24:39', '2019-11-08 15:24:39'),
(55, 1, 'Jhimri ', 4, 55, 11, 1, 3, 11, 1, 1, '2019-11-08 15:24:39', '2019-11-08 15:24:39'),
(56, 1, 'Lakri ', 4, 56, 11, 1, 3, 11, 1, 1, '2019-11-08 15:25:50', '2019-11-08 15:25:50'),
(57, 1, 'Lupungdih\r\n', 4, 57, 11, 1, 3, 11, 1, 1, '2019-11-08 15:25:50', '2019-11-08 15:25:50'),
(58, 1, 'Samanpur ', 4, 58, 11, 1, 3, 11, 1, 1, '2019-11-08 15:26:56', '2019-11-08 15:26:56'),
(59, 1, 'Tengadih ', 4, 59, 11, 1, 3, 11, 1, 1, '2019-11-08 15:26:56', '2019-11-08 15:26:56'),
(60, 1, 'Tilla ', 4, 60, 11, 1, 3, 11, 1, 1, '2019-11-08 15:27:38', '2019-11-08 15:27:38'),
(61, 1, 'Berasisirum ', 4, 61, 12, 1, 3, 12, 1, 1, '2019-11-08 15:29:26', '2019-11-08 15:29:26'),
(62, 1, 'Chaura ', 4, 62, 12, 1, 3, 12, 1, 1, '2019-11-08 15:29:26', '2019-11-08 15:29:26'),
(63, 1, 'Ichadih ', 4, 63, 12, 1, 3, 12, 1, 1, '2019-11-08 15:30:36', '2019-11-08 15:30:36'),
(64, 1, 'Janum ', 4, 64, 12, 1, 3, 12, 1, 1, '2019-11-08 15:30:36', '2019-11-08 15:30:36'),
(65, 1, 'Kukru ', 4, 65, 12, 1, 3, 12, 1, 1, '2019-11-08 15:32:06', '2019-11-08 15:32:06'),
(66, 1, 'Letemda ', 4, 66, 12, 1, 3, 12, 1, 1, '2019-11-08 15:32:06', '2019-11-08 15:32:06'),
(67, 1, 'Odia ', 4, 67, 12, 1, 3, 12, 1, 1, '2019-11-08 15:33:29', '2019-11-08 15:33:29'),
(68, 1, 'Pargama ', 4, 68, 12, 1, 3, 12, 1, 1, '2019-11-08 15:33:29', '2019-11-08 15:33:29'),
(69, 1, 'Tiruldih_1', 4, 69, 12, 1, 3, 12, 1, 1, '2019-11-08 15:34:43', '2019-11-08 15:34:43'),
(70, 1, 'Arwan ', 4, 70, 8, 1, 2, 8, 1, 1, '2019-11-08 15:36:04', '2019-11-08 15:36:04'),
(71, 1, 'Bandolohar ', 4, 71, 8, 1, 2, 8, 1, 1, '2019-11-08 15:36:04', '2019-11-08 15:36:04'),
(72, 1, 'Baruhatu ', 4, 72, 8, 1, 2, 8, 1, 1, '2019-11-08 15:37:07', '2019-11-08 15:37:07'),
(73, 1, 'Chotasegoi ', 4, 73, 8, 1, 2, 8, 1, 1, '2019-11-08 15:37:07', '2019-11-08 15:37:07'),
(74, 1, 'Gomiadih ', 4, 74, 8, 1, 2, 8, 1, 1, '2019-11-08 15:40:57', '2019-11-08 15:40:57'),
(75, 1, 'Maranghatu ', 4, 75, 8, 1, 2, 8, 1, 1, '2019-11-08 15:40:57', '2019-11-08 15:40:57'),
(76, 1, 'Pondakata ', 4, 76, 8, 1, 2, 8, 1, 1, '2019-11-08 15:42:22', '2019-11-08 15:42:22'),
(77, 1, 'Rolahatu ', 4, 77, 8, 1, 2, 8, 1, 1, '2019-11-08 15:42:22', '2019-11-08 15:42:22'),
(78, 1, 'Rugudih ', 4, 78, 8, 1, 2, 8, 1, 1, '2019-11-08 15:43:48', '2019-11-08 15:43:48'),
(79, 1, 'Tilopada ', 4, 79, 8, 1, 2, 8, 1, 1, '2019-11-08 15:43:48', '2019-11-08 15:43:48'),
(80, 1, 'Badaamda ', 4, 80, 5, 1, 2, 5, 1, 1, '2019-11-08 15:45:29', '2019-11-08 15:45:29'),
(81, 1, 'Bitapur ', 4, 81, 5, 1, 2, 5, 1, 1, '2019-11-08 15:45:29', '2019-11-08 15:45:29'),
(82, 1, 'Burudih ', 4, 82, 5, 1, 2, 5, 1, 1, '2019-11-08 15:46:14', '2019-11-08 15:46:14'),
(83, 1, 'Chilku ', 4, 83, 5, 1, 2, 5, 1, 1, '2019-11-08 15:46:14', '2019-11-08 15:46:14'),
(84, 1, 'Dalaikela ', 4, 84, 5, 1, 2, 5, 1, 1, '2019-11-08 15:48:16', '2019-11-08 15:48:16'),
(85, 1, 'Haribhanja ', 4, 85, 5, 1, 2, 5, 1, 1, '2019-11-08 15:48:16', '2019-11-08 15:48:16'),
(86, 1, 'Jojodih ', 4, 86, 5, 1, 2, 5, 1, 1, '2019-11-08 15:49:22', '2019-11-08 15:49:22'),
(87, 1, 'Jordiha ', 4, 87, 5, 1, 2, 5, 1, 1, '2019-11-08 15:49:22', '2019-11-08 15:49:22'),
(88, 1, 'Kharsawan(Old ULB)', 4, 88, 5, 1, 2, 5, 1, 1, '2019-11-08 15:50:30', '2019-11-08 15:50:30'),
(89, 1, 'Krishnapur ', 4, 89, 5, 1, 2, 5, 1, 1, '2019-11-08 15:50:30', '2019-11-08 15:50:30'),
(90, 1, 'Riding ', 4, 90, 5, 1, 2, 5, 1, 1, '2019-11-08 15:51:53', '2019-11-08 15:51:53'),
(91, 1, 'Simla ', 4, 91, 5, 1, 2, 5, 1, 1, '2019-11-08 15:51:53', '2019-11-08 15:51:53'),
(92, 1, 'Telaidih ', 4, 92, 5, 1, 2, 5, 1, 1, '2019-11-08 15:52:45', '2019-11-08 15:52:45'),
(93, 1, 'Bandu ', 4, 93, 10, 1, 3, 10, 1, 1, '2019-11-08 15:54:40', '2019-11-08 15:54:40'),
(94, 1, 'Chimtiya ', 4, 94, 10, 1, 3, 10, 1, 1, '2019-11-08 15:54:40', '2019-11-08 15:54:40'),
(95, 1, 'Dewaltand ', 4, 95, 10, 1, 3, 10, 1, 1, '2019-11-08 15:56:54', '2019-11-08 15:56:54'),
(96, 1, 'Gorangkocha ', 4, 96, 10, 1, 3, 10, 1, 1, '2019-11-08 15:56:54', '2019-11-08 15:56:54'),
(97, 1, 'Gudri ', 4, 97, 10, 1, 3, 10, 1, 1, '2019-11-08 16:01:07', '2019-11-08 16:01:07'),
(98, 1, 'Lepatand ', 4, 98, 10, 1, 3, 10, 1, 1, '2019-11-08 16:01:07', '2019-11-08 16:01:07'),
(99, 1, 'Maisda ', 4, 99, 10, 1, 3, 10, 1, 1, '2019-11-08 16:03:19', '2019-11-08 16:03:19'),
(100, 1, 'Nadisai ', 4, 100, 10, 1, 3, 10, 1, 1, '2019-11-08 16:03:19', '2019-11-08 16:03:19'),
(101, 1, 'Patkum ', 4, 101, 10, 1, 3, 10, 1, 1, '2019-11-08 16:04:17', '2019-11-08 16:04:17'),
(102, 1, 'Situ ', 4, 102, 10, 1, 3, 10, 1, 1, '2019-11-08 16:04:17', '2019-11-08 16:04:17'),
(103, 1, 'Sodo ', 4, 103, 10, 1, 3, 10, 1, 1, '2019-11-08 16:05:38', '2019-11-08 16:05:38'),
(104, 1, 'Tikar ', 4, 104, 10, 1, 3, 10, 1, 1, '2019-11-08 16:05:38', '2019-11-08 16:05:38'),
(105, 1, 'Tiruldih_2', 4, 105, 10, 1, 3, 10, 1, 1, '2019-11-08 16:06:59', '2019-11-08 16:06:59'),
(106, 1, 'Tuta ', 4, 105, 10, 1, 3, 10, 1, 1, '2019-11-08 16:06:59', '2019-11-08 16:06:59'),
(107, 1, 'Bandhdih ', 4, 107, 6, 1, 2, 6, 1, 1, '2019-11-08 16:08:43', '2019-11-08 16:08:43'),
(108, 1, 'Barakankra ', 4, 108, 6, 1, 2, 6, 1, 1, '2019-11-08 16:08:43', '2019-11-08 16:08:43'),
(109, 1, 'Birbansh ', 4, 109, 6, 1, 2, 6, 1, 1, '2019-11-08 16:09:56', '2019-11-08 16:09:56'),
(110, 1, 'Burudih ', 4, 110, 6, 1, 2, 6, 1, 1, '2019-11-08 16:09:56', '2019-11-08 16:09:56'),
(111, 1, 'Chamaru ', 4, 111, 6, 1, 2, 6, 1, 1, '2019-11-08 16:11:00', '2019-11-08 16:11:00'),
(112, 1, 'Chotagamaharia ', 4, 112, 6, 1, 2, 6, 1, 1, '2019-11-08 16:11:00', '2019-11-08 16:11:00'),
(113, 1, 'Dodra ', 4, 113, 6, 1, 2, 6, 1, 1, '2019-11-08 16:12:05', '2019-11-08 16:12:05'),
(114, 1, 'Dugdha ', 4, 114, 6, 1, 2, 6, 1, 1, '2019-11-08 16:12:05', '2019-11-08 16:12:05'),
(115, 1, 'Dugni ', 4, 115, 6, 1, 2, 6, 1, 1, '2019-11-08 16:13:09', '2019-11-08 16:13:09'),
(116, 1, 'Dumra ', 4, 116, 6, 1, 2, 6, 1, 1, '2019-11-08 16:13:09', '2019-11-08 16:13:09'),
(117, 1, 'Itagarh ', 4, 117, 6, 1, 2, 6, 1, 1, '2019-11-08 16:14:59', '2019-11-08 16:14:59'),
(118, 1, 'Jagganathpur ', 4, 118, 6, 1, 2, 6, 1, 1, '2019-11-08 16:14:59', '2019-11-08 16:14:59'),
(119, 1, 'Jaikan ', 4, 119, 6, 1, 2, 6, 1, 1, '2019-11-08 16:16:24', '2019-11-08 16:16:24'),
(120, 1, 'Kalikapur ', 4, 120, 6, 1, 2, 6, 1, 1, '2019-11-08 16:16:24', '2019-11-08 16:16:24'),
(121, 1, 'Kandra ', 4, 121, 6, 1, 2, 6, 1, 1, '2019-11-08 16:17:39', '2019-11-08 16:17:39'),
(122, 1, 'Muria ', 4, 122, 6, 1, 2, 6, 1, 1, '2019-11-08 16:17:39', '2019-11-08 16:17:39'),
(123, 1, 'Narayanpur ', 4, 123, 6, 1, 2, 6, 1, 1, '2019-11-08 16:18:48', '2019-11-08 16:18:48'),
(124, 1, 'Nuwagarh ', 4, 124, 6, 1, 2, 6, 1, 1, '2019-11-08 16:18:48', '2019-11-08 16:18:48'),
(125, 1, 'Rapcha ', 4, 125, 6, 1, 2, 6, 1, 1, '2019-11-08 16:20:23', '2019-11-08 16:20:23'),
(126, 1, 'Tentoposi ', 4, 126, 6, 1, 2, 6, 1, 1, '2019-11-08 16:20:23', '2019-11-08 16:20:23'),
(127, 1, 'Yashpur ', 4, 127, 6, 1, 2, 6, 1, 1, '2019-11-08 16:21:49', '2019-11-08 16:21:49'),
(128, 1, 'Asanboni ', 4, 128, 9, 1, 3, 9, 1, 1, '2019-11-08 16:21:49', '2019-11-08 16:21:49'),
(129, 1, 'Bhadudih ', 4, 129, 9, 1, 3, 9, 1, 1, '2019-11-08 16:23:58', '2019-11-08 16:23:58'),
(130, 1, 'Chandil ', 4, 130, 9, 1, 3, 9, 1, 1, '2019-11-08 16:23:58', '2019-11-08 16:23:58'),
(131, 1, 'Chilgu ', 4, 131, 9, 1, 3, 9, 1, 1, '2019-11-08 16:25:31', '2019-11-08 16:25:31'),
(132, 1, 'Chowka ', 4, 132, 9, 1, 3, 9, 1, 1, '2019-11-08 16:25:31', '2019-11-08 16:25:31'),
(133, 1, 'Chowlibasa ', 4, 133, 9, 1, 3, 9, 1, 1, '2019-11-08 16:26:21', '2019-11-08 16:26:21'),
(134, 1, 'Dhunaburu ', 4, 134, 9, 1, 3, 9, 1, 1, '2019-11-08 16:26:21', '2019-11-08 16:26:21'),
(135, 1, 'Ghoranegi ', 4, 135, 9, 1, 3, 9, 1, 1, '2019-11-08 16:27:18', '2019-11-08 16:27:18'),
(136, 1, 'Hensakocha ', 4, 136, 9, 1, 3, 9, 1, 1, '2019-11-08 16:27:18', '2019-11-08 16:27:18'),
(137, 1, 'Jhabri ', 4, 137, 9, 1, 3, 9, 1, 1, '2019-11-08 16:28:41', '2019-11-08 16:28:41'),
(138, 1, 'Kapali_NE', 4, 138, 9, 1, 3, 9, 1, 1, '2019-11-08 16:28:41', '2019-11-08 16:28:41'),
(139, 1, 'Kapali_NW', 4, 139, 9, 1, 3, 9, 1, 1, '2019-11-08 16:29:47', '2019-11-08 16:29:47'),
(140, 1, 'Kapali_SE', 4, 140, 9, 1, 3, 9, 1, 1, '2019-11-08 16:29:47', '2019-11-08 16:29:47'),
(141, 1, 'Kapali_SW', 4, 141, 9, 1, 3, 9, 1, 1, '2019-11-08 16:30:41', '2019-11-08 16:30:41'),
(142, 1, 'Khunti ', 4, 142, 9, 1, 3, 9, 1, 1, '2019-11-08 16:30:41', '2019-11-08 16:30:41'),
(143, 1, 'Matkamdih ', 4, 143, 9, 1, 3, 9, 1, 1, '2019-11-08 16:31:46', '2019-11-08 16:31:46'),
(144, 1, 'Rasuniya ', 4, 144, 9, 1, 3, 9, 1, 1, '2019-11-08 16:31:46', '2019-11-08 16:31:46'),
(145, 1, 'Ruchap ', 4, 145, 9, 1, 3, 9, 1, 1, '2019-11-08 16:32:45', '2019-11-08 16:32:45'),
(146, 1, 'Rudiya ', 4, 146, 9, 1, 3, 9, 1, 1, '2019-11-08 16:32:45', '2019-11-08 16:32:45'),
(147, 1, 'Tamoliya ', 4, 147, 9, 1, 3, 9, 1, 1, '2019-11-08 16:34:02', '2019-11-08 16:34:02'),
(148, 1, 'Urmal\r\n', 4, 148, 9, 1, 3, 9, 1, 1, '2019-11-08 16:34:02', '2019-11-08 16:34:02'),
(154, 1, 'Test District', 1, 3, -1, -1, -1, -1, 1, 1, '2019-11-12 07:40:47', '2019-11-14 07:25:58'),
(155, 1, 'Test Sub Division', 2, 17, 154, 154, -1, -1, 1, 1, '2019-11-14 07:26:27', '2019-11-14 07:26:27'),
(156, 1, 'Test Block', 3, 2, 155, 154, 155, -1, 1, 1, '2019-11-14 07:33:16', '2019-11-14 07:33:16');

-- --------------------------------------------------------

--
-- Table structure for table `level`
--

CREATE TABLE `level` (
  `level_id` int(11) NOT NULL,
  `level_name` varchar(50) NOT NULL,
  `parent_level_id` int(11) NOT NULL,
  `org_id` int(11) NOT NULL,
  `created_by` int(11) NOT NULL,
  `updated_by` int(11) NOT NULL,
  `created_at` timestamp NOT NULL DEFAULT current_timestamp(),
  `updated_at` timestamp NOT NULL DEFAULT current_timestamp()
) ENGINE=InnoDB DEFAULT CHARSET=utf8mb4;

--
-- Dumping data for table `level`
--

INSERT INTO `level` (`level_id`, `level_name`, `parent_level_id`, `org_id`, `created_by`, `updated_by`, `created_at`, `updated_at`) VALUES
(1, 'District', -1, 1, 1, 1, '2019-11-08 11:54:52', '2019-11-08 11:54:52'),
(2, 'Sub Division', 1, 1, 1, 1, '2019-11-08 11:54:52', '2019-11-08 11:54:52'),
(3, 'Block', 2, 1, 1, 1, '2019-11-08 11:57:19', '2019-11-08 11:57:19'),
(4, 'Panchayat', 3, 1, 1, 1, '2019-11-08 11:57:19', '2019-11-08 11:57:19');

-- --------------------------------------------------------

--
-- Table structure for table `migrations`
--

CREATE TABLE `migrations` (
  `id` int(10) UNSIGNED NOT NULL,
  `migration` varchar(255) COLLATE utf8mb4_unicode_ci NOT NULL,
  `batch` int(11) NOT NULL
) ENGINE=InnoDB DEFAULT CHARSET=utf8mb4 COLLATE=utf8mb4_unicode_ci;

--
-- Dumping data for table `migrations`
--

INSERT INTO `migrations` (`id`, `migration`, `batch`) VALUES
(1, '2014_10_12_000000_create_users_table', 1),
(2, '2014_10_12_100000_create_password_resets_table', 1);

-- --------------------------------------------------------

--
-- Table structure for table `module`
--

CREATE TABLE `module` (
  `mod_id` int(11) NOT NULL,
  `mod_name` varchar(100) NOT NULL,
  `created_by` int(11) NOT NULL,
  `updated_by` int(11) NOT NULL,
  `created_at` timestamp NOT NULL DEFAULT current_timestamp(),
  `updated_at` timestamp NOT NULL DEFAULT current_timestamp()
) ENGINE=InnoDB DEFAULT CHARSET=utf8mb4;

--
-- Dumping data for table `module`
--

INSERT INTO `module` (`mod_id`, `mod_name`, `created_by`, `updated_by`, `created_at`, `updated_at`) VALUES
(1, 'district', 1, 1, '2019-11-09 06:19:24', '2019-11-09 06:19:24'),
(2, 'subdivision\r\n', 1, 1, '2019-11-09 06:19:24', '2019-11-09 06:19:24'),
(3, 'block', 1, 1, '2019-11-09 06:19:54', '2019-11-09 06:19:54'),
(4, 'panchayat\r\n', 1, 1, '2019-11-09 06:19:54', '2019-11-09 06:19:54'),
(5, 'dept', 1, 1, '2019-11-09 06:20:29', '2019-11-09 06:20:29'),
(6, 'scheme\r\n', 1, 1, '2019-11-09 06:20:29', '2019-11-09 06:20:29'),
(7, 'year\r\n', 1, 1, '2019-11-09 06:20:52', '2019-11-09 06:20:52'),
(8, 'asset\r\n', 1, 1, '2019-11-09 06:20:52', '2019-11-09 06:20:52');

-- --------------------------------------------------------

--
-- Table structure for table `org`
--

CREATE TABLE `org` (
  `id` int(11) NOT NULL,
  `org_id` int(11) DEFAULT NULL,
  `users_id` int(11) DEFAULT NULL,
  `parent_id` int(11) DEFAULT NULL,
  `org_code` varchar(100) COLLATE utf8_unicode_ci DEFAULT NULL,
  `org_name` varchar(100) COLLATE utf8_unicode_ci DEFAULT NULL,
  `contact_no` varchar(20) COLLATE utf8_unicode_ci DEFAULT NULL,
  `contact_person` varchar(200) COLLATE utf8_unicode_ci DEFAULT NULL,
  `email` varchar(100) COLLATE utf8_unicode_ci DEFAULT NULL,
  `address` varchar(255) COLLATE utf8_unicode_ci DEFAULT NULL,
  `website` varchar(100) COLLATE utf8_unicode_ci DEFAULT NULL,
  `city_id` int(11) DEFAULT NULL,
  `state_id` int(11) DEFAULT NULL,
  `country_id` int(11) DEFAULT NULL,
  `zipcode` int(11) DEFAULT NULL,
  `photo` varchar(255) COLLATE utf8_unicode_ci DEFAULT NULL,
  `org_type` int(11) DEFAULT 0 COMMENT '1=''Live'' , 0=''Demo''',
  `pf_no` bigint(11) DEFAULT NULL,
  `esic_no` bigint(11) DEFAULT NULL,
  `tax_no` bigint(11) DEFAULT NULL,
  `policy_no` bigint(11) DEFAULT NULL,
  `gratuity_no` bigint(11) DEFAULT NULL,
  `start_date` date DEFAULT NULL,
  `end_date` date DEFAULT NULL,
  `is_deleted` int(11) DEFAULT 0 COMMENT '1 = ''Delete''',
  `deleted_by` int(11) DEFAULT NULL,
  `deleted_date` timestamp NULL DEFAULT NULL,
  `login_status` int(11) DEFAULT 0 COMMENT '1=''Active'' ,0=''Inactive''',
  `status` int(11) DEFAULT 0 COMMENT '1=''Active'' , 0=''Inactive''',
  `ip_address` varchar(20) COLLATE utf8_unicode_ci DEFAULT NULL,
  `created_by` int(11) DEFAULT NULL,
  `modified_by` int(11) DEFAULT NULL,
  `modified_date` timestamp NOT NULL DEFAULT current_timestamp() ON UPDATE current_timestamp(),
  `created_at` timestamp NULL DEFAULT NULL,
  `deleted_at` timestamp NULL DEFAULT NULL,
  `updated_at` timestamp NULL DEFAULT NULL
) ENGINE=InnoDB DEFAULT CHARSET=utf8 COLLATE=utf8_unicode_ci;

--
-- Dumping data for table `org`
--

INSERT INTO `org` (`id`, `org_id`, `users_id`, `parent_id`, `org_code`, `org_name`, `contact_no`, `contact_person`, `email`, `address`, `website`, `city_id`, `state_id`, `country_id`, `zipcode`, `photo`, `org_type`, `pf_no`, `esic_no`, `tax_no`, `policy_no`, `gratuity_no`, `start_date`, `end_date`, `is_deleted`, `deleted_by`, `deleted_date`, `login_status`, `status`, `ip_address`, `created_by`, `modified_by`, `modified_date`, `created_at`, `deleted_at`, `updated_at`) VALUES
(1, NULL, 58, NULL, 'ITS2132', 'thedemocompany', '9311959563', NULL, 'test@gmail.com', 'Adityapur', 'www.baba.software', 65, 11, 1, 201301, '1571918386.jpg', NULL, NULL, NULL, NULL, NULL, NULL, NULL, NULL, 0, NULL, NULL, 1, 1, '122.161.199.193', NULL, NULL, '2019-10-24 11:59:46', '2019-10-24 22:29:46', NULL, NULL),
(2, NULL, 59, NULL, 'ITS2132', 'Google', '5665656222', NULL, 'google@gmail.com', 'Ncr', 'www.google.com', 2, 35, 1, 225555, '1571918762.jpg', NULL, NULL, NULL, NULL, NULL, NULL, NULL, NULL, 0, NULL, NULL, 1, 1, '1.6.162.197', NULL, NULL, '2019-10-24 12:06:02', '2019-10-24 22:36:02', NULL, '2019-10-24 22:36:02'),
(3, NULL, 62, NULL, 'ITS2132', 'IT SCIENT', '9311959563', NULL, 'sumant@gmail.com', 'B726 Ithum Tower', 'www.itscient.com', 64, 26, 1, 201301, '1571921743.png', NULL, NULL, NULL, NULL, NULL, NULL, NULL, NULL, 0, NULL, NULL, 1, 1, '122.161.199.193', NULL, NULL, '2019-10-24 12:55:43', '2019-10-24 23:25:43', NULL, '2019-10-24 23:25:43');

-- --------------------------------------------------------

--
-- Table structure for table `organisation`
--

CREATE TABLE `organisation` (
  `org_id` int(11) NOT NULL,
  `org_name` varchar(150) NOT NULL,
  `comments` text NOT NULL,
  `created_by` int(11) NOT NULL,
  `updated_by` int(11) NOT NULL,
  `created_at` timestamp NOT NULL DEFAULT current_timestamp(),
  `updated_at` timestamp NOT NULL DEFAULT current_timestamp()
) ENGINE=InnoDB DEFAULT CHARSET=utf8mb4;

--
-- Dumping data for table `organisation`
--

INSERT INTO `organisation` (`org_id`, `org_name`, `comments`, `created_by`, `updated_by`, `created_at`, `updated_at`) VALUES
(1, 'Seraikela', 'NA', 1, 1, '2019-11-08 11:38:53', '2019-11-08 11:38:53');

-- --------------------------------------------------------

--
-- Table structure for table `password_resets`
--

CREATE TABLE `password_resets` (
  `email` varchar(255) COLLATE utf8mb4_unicode_ci NOT NULL,
  `token` varchar(255) COLLATE utf8mb4_unicode_ci NOT NULL,
  `created_at` timestamp NULL DEFAULT NULL
) ENGINE=InnoDB DEFAULT CHARSET=utf8mb4 COLLATE=utf8mb4_unicode_ci;

-- --------------------------------------------------------

--
-- Table structure for table `scheme_data`
--

CREATE TABLE `scheme_data` (
  `scheme_data_id` int(11) NOT NULL,
  `scheme_geo_target_id` int(11) NOT NULL,
  `org_id` int(11) NOT NULL,
  `geo_id` int(11) NOT NULL,
  `assest` varchar(100) NOT NULL,
  `created_by` int(11) NOT NULL,
  `updated_by` int(11) NOT NULL,
  `created_at` timestamp NOT NULL DEFAULT current_timestamp(),
  `updated_at` timestamp NOT NULL DEFAULT current_timestamp()
) ENGINE=InnoDB DEFAULT CHARSET=utf8mb4;

-- --------------------------------------------------------

--
-- Table structure for table `scheme_geo_target`
--

CREATE TABLE `scheme_geo_target` (
  `scheme_geo_target_id` int(11) NOT NULL,
  `scheme_id` int(11) NOT NULL,
  `geo_id` int(11) NOT NULL,
  `indicator_id` int(11) NOT NULL,
  `target` int(11) NOT NULL,
  `year_id` int(11) NOT NULL,
  `created_by` int(11) NOT NULL,
  `updated_by` int(11) NOT NULL,
  `created_at` timestamp NOT NULL DEFAULT current_timestamp(),
  `updated_at` timestamp NOT NULL DEFAULT current_timestamp()
) ENGINE=InnoDB DEFAULT CHARSET=utf8mb4;

--
-- Dumping data for table `scheme_geo_target`
--

INSERT INTO `scheme_geo_target` (`scheme_geo_target_id`, `scheme_id`, `geo_id`, `indicator_id`, `target`, `year_id`, `created_by`, `updated_by`, `created_at`, `updated_at`) VALUES
(4, 1, 1, 1, 100, 4, 1, 1, '2019-11-11 06:14:08', '2019-11-11 06:14:08'),
(5, 1, 2, 1, 50, 4, 1, 1, '2019-11-11 06:14:08', '2019-11-11 06:14:08'),
(6, 1, 3, 1, 50, 4, 1, 1, '2019-11-11 06:14:08', '2019-11-11 06:14:08'),
(7, 1, 4, 1, 10, 4, 1, 1, '2019-11-11 06:14:08', '2019-11-11 06:14:08'),
(8, 1, 5, 1, 10, 4, 1, 1, '2019-11-11 06:14:08', '2019-11-11 06:14:08'),
(9, 1, 6, 1, 10, 4, 1, 1, '2019-11-11 06:14:08', '2019-11-11 06:14:08'),
(10, 1, 7, 1, 10, 4, 1, 1, '2019-11-11 06:14:08', '2019-11-11 06:14:08'),
(11, 1, 8, 1, 10, 4, 1, 1, '2019-11-11 06:14:08', '2019-11-11 06:14:08'),
(12, 1, 9, 1, 20, 4, 1, 1, '2019-11-11 06:14:08', '2019-11-11 06:14:08'),
(13, 1, 10, 1, 10, 4, 1, 1, '2019-11-11 06:14:08', '2019-11-11 06:14:08'),
(14, 1, 11, 1, 10, 4, 1, 1, '2019-11-11 06:14:08', '2019-11-11 06:14:08'),
(15, 1, 12, 1, 10, 4, 1, 1, '2019-11-11 06:14:08', '2019-11-11 06:14:08'),
(16, 1, 13, 1, 1, 4, 1, 1, '2019-11-11 06:14:08', '2019-11-11 06:14:08'),
(17, 1, 14, 1, 1, 4, 1, 1, '2019-11-11 06:14:08', '2019-11-11 06:14:08'),
(18, 1, 15, 1, 1, 4, 1, 1, '2019-11-11 06:14:08', '2019-11-11 06:14:08'),
(19, 1, 16, 1, 1, 4, 1, 1, '2019-11-11 06:14:08', '2019-11-11 06:14:08'),
(20, 1, 17, 1, 1, 4, 1, 1, '2019-11-11 06:14:08', '2019-11-11 06:14:08'),
(21, 1, 18, 1, 1, 4, 1, 1, '2019-11-11 06:14:08', '2019-11-11 06:14:08'),
(22, 1, 19, 1, 1, 4, 1, 1, '2019-11-11 06:14:08', '2019-11-11 06:14:08'),
(23, 1, 20, 1, 1, 4, 1, 1, '2019-11-11 06:14:08', '2019-11-11 06:14:08'),
(24, 1, 21, 1, 1, 4, 1, 1, '2019-11-11 06:14:08', '2019-11-11 06:14:08'),
(25, 1, 22, 1, 1, 4, 1, 1, '2019-11-11 06:14:08', '2019-11-11 06:14:08'),
(26, 1, 23, 1, 0, 4, 1, 1, '2019-11-11 06:14:08', '2019-11-11 06:14:08'),
(27, 1, 24, 1, 0, 4, 1, 1, '2019-11-11 06:14:08', '2019-11-11 06:14:08'),
(28, 1, 25, 1, 0, 4, 1, 1, '2019-11-11 06:14:08', '2019-11-11 06:14:08'),
(29, 1, 26, 1, 0, 4, 1, 1, '2019-11-11 06:14:08', '2019-11-11 06:14:08'),
(30, 1, 1, 2, 200, 4, 1, 1, '2019-11-11 06:14:08', '2019-11-11 06:14:08'),
(31, 1, 2, 2, 100, 4, 1, 1, '2019-11-11 06:14:08', '2019-11-11 06:14:08'),
(32, 1, 3, 2, 100, 4, 1, 1, '2019-11-11 06:14:08', '2019-11-11 06:14:08'),
(33, 1, 4, 2, 20, 4, 1, 1, '2019-11-11 06:14:08', '2019-11-11 06:14:08'),
(34, 1, 5, 2, 20, 4, 1, 1, '2019-11-11 06:14:08', '2019-11-11 06:14:08'),
(35, 1, 6, 2, 20, 4, 1, 1, '2019-11-11 06:14:08', '2019-11-11 06:14:08'),
(36, 1, 7, 2, 20, 4, 1, 1, '2019-11-11 06:14:08', '2019-11-11 06:14:08'),
(37, 1, 8, 2, 20, 4, 1, 1, '2019-11-11 06:14:08', '2019-11-11 06:14:08'),
(38, 1, 9, 2, 25, 4, 1, 1, '2019-11-11 06:14:08', '2019-11-11 06:14:08'),
(39, 1, 10, 2, 25, 4, 1, 1, '2019-11-11 06:14:08', '2019-11-11 06:14:08'),
(40, 1, 11, 2, 25, 4, 1, 1, '2019-11-11 06:14:08', '2019-11-11 06:14:08'),
(41, 1, 12, 2, 25, 4, 1, 1, '2019-11-11 06:14:08', '2019-11-11 06:14:08'),
(42, 1, 27, 2, 1, 4, 1, 1, '2019-11-11 06:14:08', '2019-11-11 06:14:08'),
(43, 1, 28, 2, 1, 4, 1, 1, '2019-11-11 06:14:08', '2019-11-11 06:14:08'),
(44, 1, 29, 2, 1, 4, 1, 1, '2019-11-11 06:14:08', '2019-11-11 06:14:08'),
(45, 1, 30, 2, 1, 4, 1, 1, '2019-11-11 06:14:08', '2019-11-11 06:14:08'),
(46, 1, 31, 2, 1, 4, 1, 1, '2019-11-11 06:14:08', '2019-11-11 06:14:08'),
(47, 1, 32, 2, 1, 4, 1, 1, '2019-11-11 06:14:08', '2019-11-11 06:14:08'),
(48, 1, 33, 2, 1, 4, 1, 1, '2019-11-11 06:14:08', '2019-11-11 06:14:08'),
(49, 1, 34, 2, 1, 4, 1, 1, '2019-11-11 06:14:08', '2019-11-11 06:14:08'),
(50, 1, 35, 2, 1, 4, 1, 1, '2019-11-11 06:14:08', '2019-11-11 06:14:08'),
(51, 1, 36, 2, 1, 4, 1, 1, '2019-11-11 06:14:08', '2019-11-11 06:14:08'),
(52, 1, 37, 2, 1, 4, 1, 1, '2019-11-11 06:14:08', '2019-11-11 06:14:08'),
(53, 1, 38, 2, 1, 4, 1, 1, '2019-11-11 06:14:08', '2019-11-11 06:14:08'),
(54, 1, 39, 2, 1, 4, 1, 1, '2019-11-11 06:14:08', '2019-11-11 06:14:08'),
(55, 1, 40, 2, 1, 4, 1, 1, '2019-11-11 06:14:08', '2019-11-11 06:14:08'),
(56, 1, 41, 2, 1, 4, 1, 1, '2019-11-11 06:14:08', '2019-11-11 06:14:08'),
(57, 1, 42, 2, 1, 4, 1, 1, '2019-11-11 06:14:08', '2019-11-11 06:14:08'),
(58, 1, 43, 2, 1, 4, 1, 1, '2019-11-11 06:14:08', '2019-11-11 06:14:08'),
(59, 1, 44, 2, 1, 4, 1, 1, '2019-11-11 06:14:08', '2019-11-11 06:14:08'),
(60, 1, 45, 2, 1, 4, 1, 1, '2019-11-11 06:14:08', '2019-11-11 06:14:08'),
(61, 1, 46, 2, 0, 4, 1, 1, '2019-11-11 06:14:08', '2019-11-11 06:14:08'),
(62, 1, 47, 2, 1, 4, 1, 1, '2019-11-11 06:14:08', '2019-11-11 06:14:08'),
(63, 2, 1, 3, 100, 4, 1, 1, '2019-11-11 06:14:08', '2019-11-11 06:14:08'),
(64, 2, 2, 3, 50, 4, 1, 1, '2019-11-11 06:14:08', '2019-11-11 06:14:08'),
(65, 2, 3, 3, 50, 4, 1, 1, '2019-11-11 06:14:08', '2019-11-11 06:14:08'),
(66, 2, 4, 3, 10, 4, 1, 1, '2019-11-11 06:14:08', '2019-11-11 06:14:08'),
(67, 2, 5, 3, 10, 4, 1, 1, '2019-11-11 06:14:08', '2019-11-11 06:14:08'),
(68, 2, 6, 3, 10, 4, 1, 1, '2019-11-11 06:14:08', '2019-11-11 06:14:08'),
(69, 2, 7, 3, 10, 4, 1, 1, '2019-11-11 06:14:08', '2019-11-11 06:14:08'),
(70, 2, 8, 3, 10, 4, 1, 1, '2019-11-11 06:14:08', '2019-11-11 06:14:08'),
(71, 2, 9, 3, 20, 4, 1, 1, '2019-11-11 06:14:08', '2019-11-11 06:14:08'),
(72, 2, 10, 3, 10, 4, 1, 1, '2019-11-11 06:14:08', '2019-11-11 06:14:08'),
(73, 2, 11, 3, 10, 4, 1, 1, '2019-11-11 06:14:08', '2019-11-11 06:14:08'),
(74, 2, 12, 3, 10, 4, 1, 1, '2019-11-11 06:14:08', '2019-11-11 06:14:08'),
(75, 2, 48, 3, 1, 4, 1, 1, '2019-11-11 06:14:08', '2019-11-11 06:14:08'),
(76, 2, 49, 3, 1, 4, 1, 1, '2019-11-11 06:14:08', '2019-11-11 06:14:08'),
(77, 2, 50, 3, 1, 4, 1, 1, '2019-11-11 06:14:08', '2019-11-11 06:14:08'),
(78, 2, 51, 3, 1, 4, 1, 1, '2019-11-11 06:14:08', '2019-11-11 06:14:08'),
(79, 2, 52, 3, 1, 4, 1, 1, '2019-11-11 06:14:08', '2019-11-11 06:14:08'),
(80, 2, 53, 3, 1, 4, 1, 1, '2019-11-11 06:14:08', '2019-11-11 06:14:08'),
(81, 2, 54, 3, 1, 4, 1, 1, '2019-11-11 06:14:08', '2019-11-11 06:14:08'),
(82, 2, 55, 3, 1, 4, 1, 1, '2019-11-11 06:14:08', '2019-11-11 06:14:08'),
(83, 2, 56, 3, 1, 4, 1, 1, '2019-11-11 06:14:08', '2019-11-11 06:14:08'),
(84, 2, 57, 3, 1, 4, 1, 1, '2019-11-11 06:14:08', '2019-11-11 06:14:08'),
(85, 2, 58, 3, 0, 4, 1, 1, '2019-11-11 06:14:08', '2019-11-11 06:14:08'),
(86, 2, 59, 3, 0, 4, 1, 1, '2019-11-11 06:14:08', '2019-11-11 06:14:08'),
(87, 2, 60, 3, 0, 4, 1, 1, '2019-11-11 06:14:08', '2019-11-11 06:14:08'),
(88, 2, 1, 4, 200, 4, 1, 1, '2019-11-11 06:14:08', '2019-11-11 06:14:08'),
(89, 2, 2, 4, 100, 4, 1, 1, '2019-11-11 06:14:08', '2019-11-11 06:14:08'),
(90, 2, 3, 4, 100, 4, 1, 1, '2019-11-11 06:14:08', '2019-11-11 06:14:08'),
(91, 2, 4, 4, 20, 4, 1, 1, '2019-11-11 06:14:08', '2019-11-11 06:14:08'),
(92, 2, 5, 4, 20, 4, 1, 1, '2019-11-11 06:14:08', '2019-11-11 06:14:08'),
(93, 2, 6, 4, 20, 4, 1, 1, '2019-11-11 06:14:08', '2019-11-11 06:14:08'),
(94, 2, 7, 4, 20, 4, 1, 1, '2019-11-11 06:14:08', '2019-11-11 06:14:08'),
(95, 2, 8, 4, 20, 4, 1, 1, '2019-11-11 06:14:08', '2019-11-11 06:14:08'),
(96, 2, 9, 4, 25, 4, 1, 1, '2019-11-11 06:14:08', '2019-11-11 06:14:08'),
(97, 2, 10, 4, 25, 4, 1, 1, '2019-11-11 06:14:08', '2019-11-11 06:14:08'),
(98, 2, 11, 4, 25, 4, 1, 1, '2019-11-11 06:14:08', '2019-11-11 06:14:08'),
(99, 2, 12, 4, 25, 4, 1, 1, '2019-11-11 06:14:08', '2019-11-11 06:14:08'),
(100, 2, 61, 4, 4, 4, 1, 1, '2019-11-11 06:14:08', '2019-11-11 06:14:08'),
(101, 2, 62, 4, 4, 4, 1, 1, '2019-11-11 06:14:08', '2019-11-11 06:14:08'),
(102, 2, 63, 4, 4, 4, 1, 1, '2019-11-11 06:14:08', '2019-11-11 06:14:08'),
(103, 2, 64, 4, 4, 4, 1, 1, '2019-11-11 06:14:08', '2019-11-11 06:14:08'),
(104, 2, 65, 4, 4, 4, 1, 1, '2019-11-11 06:14:08', '2019-11-11 06:14:08'),
(105, 2, 66, 4, 4, 4, 1, 1, '2019-11-11 06:14:08', '2019-11-11 06:14:08'),
(106, 2, 67, 4, 1, 4, 1, 1, '2019-11-11 06:14:08', '2019-11-11 06:14:08'),
(107, 2, 68, 4, 0, 4, 1, 1, '2019-11-11 06:14:08', '2019-11-11 06:14:08'),
(108, 2, 69, 4, 0, 4, 1, 1, '2019-11-11 06:14:08', '2019-11-11 06:14:08'),
(109, 3, 1, 5, 100, 4, 1, 1, '2019-11-11 06:14:08', '2019-11-11 06:14:08'),
(110, 3, 2, 5, 50, 4, 1, 1, '2019-11-11 06:14:08', '2019-11-11 06:14:08'),
(111, 3, 3, 5, 50, 4, 1, 1, '2019-11-11 06:14:08', '2019-11-11 06:14:08'),
(112, 3, 4, 5, 10, 4, 1, 1, '2019-11-11 06:14:08', '2019-11-11 06:14:08'),
(113, 3, 5, 5, 10, 4, 1, 1, '2019-11-11 06:14:08', '2019-11-11 06:14:08'),
(114, 3, 6, 5, 10, 4, 1, 1, '2019-11-11 06:14:08', '2019-11-11 06:14:08'),
(115, 3, 7, 5, 10, 4, 1, 1, '2019-11-11 06:14:08', '2019-11-11 06:14:08'),
(116, 3, 8, 5, 10, 4, 1, 1, '2019-11-11 06:14:08', '2019-11-11 06:14:08'),
(117, 3, 9, 5, 20, 4, 1, 1, '2019-11-11 06:14:08', '2019-11-11 06:14:08'),
(118, 3, 10, 5, 10, 4, 1, 1, '2019-11-11 06:14:08', '2019-11-11 06:14:08'),
(119, 3, 11, 5, 10, 4, 1, 1, '2019-11-11 06:14:08', '2019-11-11 06:14:08'),
(120, 3, 12, 5, 10, 4, 1, 1, '2019-11-11 06:14:08', '2019-11-11 06:14:08'),
(121, 3, 70, 5, 1, 4, 1, 1, '2019-11-11 06:14:08', '2019-11-11 06:14:08'),
(122, 3, 71, 5, 1, 4, 1, 1, '2019-11-11 06:14:08', '2019-11-11 06:14:08'),
(123, 3, 72, 5, 1, 4, 1, 1, '2019-11-11 06:14:08', '2019-11-11 06:14:08'),
(124, 3, 73, 5, 1, 4, 1, 1, '2019-11-11 06:14:08', '2019-11-11 06:14:08'),
(125, 3, 74, 5, 1, 4, 1, 1, '2019-11-11 06:14:08', '2019-11-11 06:14:08'),
(126, 3, 75, 5, 1, 4, 1, 1, '2019-11-11 06:14:08', '2019-11-11 06:14:08'),
(127, 3, 76, 5, 1, 4, 1, 1, '2019-11-11 06:14:08', '2019-11-11 06:14:08'),
(128, 3, 77, 5, 1, 4, 1, 1, '2019-11-11 06:14:08', '2019-11-11 06:14:08'),
(129, 3, 78, 5, 1, 4, 1, 1, '2019-11-11 06:14:08', '2019-11-11 06:14:08'),
(130, 3, 79, 5, 1, 4, 1, 1, '2019-11-11 06:14:08', '2019-11-11 06:14:08'),
(131, 3, 1, 6, 200, 4, 1, 1, '2019-11-11 06:14:08', '2019-11-11 06:14:08'),
(132, 3, 2, 6, 100, 4, 1, 1, '2019-11-11 06:14:08', '2019-11-11 06:14:08'),
(133, 3, 3, 6, 100, 4, 1, 1, '2019-11-11 06:14:08', '2019-11-11 06:14:08'),
(134, 3, 4, 6, 20, 4, 1, 1, '2019-11-11 06:14:08', '2019-11-11 06:14:08'),
(135, 3, 5, 6, 20, 4, 1, 1, '2019-11-11 06:14:08', '2019-11-11 06:14:08'),
(136, 3, 6, 6, 20, 4, 1, 1, '2019-11-11 06:14:08', '2019-11-11 06:14:08'),
(137, 3, 7, 6, 20, 4, 1, 1, '2019-11-11 06:14:08', '2019-11-11 06:14:08'),
(138, 3, 8, 6, 20, 4, 1, 1, '2019-11-11 06:14:08', '2019-11-11 06:14:08'),
(139, 3, 9, 6, 25, 4, 1, 1, '2019-11-11 06:14:08', '2019-11-11 06:14:08'),
(140, 3, 10, 6, 25, 4, 1, 1, '2019-11-11 06:14:08', '2019-11-11 06:14:08'),
(141, 3, 11, 6, 25, 4, 1, 1, '2019-11-11 06:14:08', '2019-11-11 06:14:08'),
(142, 3, 12, 6, 25, 4, 1, 1, '2019-11-11 06:14:08', '2019-11-11 06:14:08'),
(143, 3, 80, 6, 4, 4, 1, 1, '2019-11-11 06:14:08', '2019-11-11 06:14:08'),
(144, 3, 81, 6, 4, 4, 1, 1, '2019-11-11 06:14:08', '2019-11-11 06:14:08'),
(145, 3, 82, 6, 4, 4, 1, 1, '2019-11-11 06:14:08', '2019-11-11 06:14:08'),
(146, 3, 83, 6, 4, 4, 1, 1, '2019-11-11 06:14:08', '2019-11-11 06:14:08'),
(147, 3, 84, 6, 4, 4, 1, 1, '2019-11-11 06:14:08', '2019-11-11 06:14:08'),
(148, 3, 85, 6, 0, 4, 1, 1, '2019-11-11 06:14:08', '2019-11-11 06:14:08'),
(149, 3, 86, 6, 0, 4, 1, 1, '2019-11-11 06:14:08', '2019-11-11 06:14:08'),
(150, 3, 87, 6, 0, 4, 1, 1, '2019-11-11 06:14:08', '2019-11-11 06:14:08'),
(151, 3, 88, 6, 0, 4, 1, 1, '2019-11-11 06:14:08', '2019-11-11 06:14:08'),
(152, 3, 89, 6, 0, 4, 1, 1, '2019-11-11 06:14:08', '2019-11-11 06:14:08'),
(153, 3, 90, 6, 0, 4, 1, 1, '2019-11-11 06:14:08', '2019-11-11 06:14:08'),
(154, 3, 91, 6, 0, 4, 1, 1, '2019-11-11 06:14:08', '2019-11-11 06:14:08'),
(155, 3, 92, 6, 0, 4, 1, 1, '2019-11-11 06:14:08', '2019-11-11 06:14:08'),
(156, 4, 1, 7, 100, 4, 1, 1, '2019-11-11 06:14:08', '2019-11-11 06:14:08'),
(157, 4, 2, 7, 50, 4, 1, 1, '2019-11-11 06:14:08', '2019-11-11 06:14:08'),
(158, 4, 3, 7, 50, 4, 1, 1, '2019-11-11 06:14:08', '2019-11-11 06:14:08'),
(159, 4, 4, 7, 10, 4, 1, 1, '2019-11-11 06:14:08', '2019-11-11 06:14:08'),
(160, 4, 5, 7, 10, 4, 1, 1, '2019-11-11 06:14:08', '2019-11-11 06:14:08'),
(161, 4, 6, 7, 10, 4, 1, 1, '2019-11-11 06:14:08', '2019-11-11 06:14:08'),
(162, 4, 7, 7, 10, 4, 1, 1, '2019-11-11 06:14:08', '2019-11-11 06:14:08'),
(163, 4, 8, 7, 10, 4, 1, 1, '2019-11-11 06:14:08', '2019-11-11 06:14:08'),
(164, 4, 9, 7, 20, 4, 1, 1, '2019-11-11 06:14:08', '2019-11-11 06:14:08'),
(165, 4, 10, 7, 10, 4, 1, 1, '2019-11-11 06:14:08', '2019-11-11 06:14:08'),
(166, 4, 11, 7, 10, 4, 1, 1, '2019-11-11 06:14:08', '2019-11-11 06:14:08'),
(167, 4, 12, 7, 10, 4, 1, 1, '2019-11-11 06:14:08', '2019-11-11 06:14:08'),
(168, 4, 93, 7, 1, 4, 1, 1, '2019-11-11 06:14:08', '2019-11-11 06:14:08'),
(169, 4, 94, 7, 1, 4, 1, 1, '2019-11-11 06:14:08', '2019-11-11 06:14:08'),
(170, 4, 95, 7, 1, 4, 1, 1, '2019-11-11 06:14:08', '2019-11-11 06:14:08'),
(171, 4, 96, 7, 1, 4, 1, 1, '2019-11-11 06:14:08', '2019-11-11 06:14:08'),
(172, 4, 97, 7, 1, 4, 1, 1, '2019-11-11 06:14:08', '2019-11-11 06:14:08'),
(173, 4, 98, 7, 1, 4, 1, 1, '2019-11-11 06:14:08', '2019-11-11 06:14:08'),
(174, 4, 99, 7, 1, 4, 1, 1, '2019-11-11 06:14:08', '2019-11-11 06:14:08'),
(175, 4, 100, 7, 1, 4, 1, 1, '2019-11-11 06:14:08', '2019-11-11 06:14:08'),
(176, 4, 101, 7, 1, 4, 1, 1, '2019-11-11 06:14:08', '2019-11-11 06:14:08'),
(177, 4, 102, 7, 1, 4, 1, 1, '2019-11-11 06:14:08', '2019-11-11 06:14:08'),
(178, 4, 103, 7, 0, 4, 1, 1, '2019-11-11 06:14:08', '2019-11-11 06:14:08'),
(179, 4, 104, 7, 0, 4, 1, 1, '2019-11-11 06:14:08', '2019-11-11 06:14:08'),
(180, 4, 105, 7, 0, 4, 1, 1, '2019-11-11 06:14:08', '2019-11-11 06:14:08'),
(181, 4, 106, 7, 0, 4, 1, 1, '2019-11-11 06:14:08', '2019-11-11 06:14:08'),
(182, 4, 1, 8, 200, 4, 1, 1, '2019-11-11 06:14:08', '2019-11-11 06:14:08'),
(183, 4, 2, 8, 100, 4, 1, 1, '2019-11-11 06:14:08', '2019-11-11 06:14:08'),
(184, 4, 3, 8, 100, 4, 1, 1, '2019-11-11 06:14:08', '2019-11-11 06:14:08'),
(185, 4, 4, 8, 20, 4, 1, 1, '2019-11-11 06:14:08', '2019-11-11 06:14:08'),
(186, 4, 5, 8, 20, 4, 1, 1, '2019-11-11 06:14:08', '2019-11-11 06:14:08'),
(187, 4, 6, 8, 20, 4, 1, 1, '2019-11-11 06:14:08', '2019-11-11 06:14:08'),
(188, 4, 7, 8, 20, 4, 1, 1, '2019-11-11 06:14:08', '2019-11-11 06:14:08'),
(189, 4, 8, 8, 20, 4, 1, 1, '2019-11-11 06:14:08', '2019-11-11 06:14:08'),
(190, 4, 9, 8, 25, 4, 1, 1, '2019-11-11 06:14:08', '2019-11-11 06:14:08'),
(191, 4, 10, 8, 25, 4, 1, 1, '2019-11-11 06:14:08', '2019-11-11 06:14:08'),
(192, 4, 11, 8, 25, 4, 1, 1, '2019-11-11 06:14:08', '2019-11-11 06:14:08'),
(193, 4, 12, 8, 25, 4, 1, 1, '2019-11-11 06:14:08', '2019-11-11 06:14:08'),
(194, 4, 107, 8, 1, 4, 1, 1, '2019-11-11 06:14:08', '2019-11-11 06:14:08'),
(195, 4, 108, 8, 1, 4, 1, 1, '2019-11-11 06:14:08', '2019-11-11 06:14:08'),
(196, 4, 109, 8, 1, 4, 1, 1, '2019-11-11 06:14:08', '2019-11-11 06:14:08'),
(197, 4, 110, 8, 1, 4, 1, 1, '2019-11-11 06:14:08', '2019-11-11 06:14:08'),
(198, 4, 111, 8, 1, 4, 1, 1, '2019-11-11 06:14:08', '2019-11-11 06:14:08'),
(199, 4, 112, 8, 1, 4, 1, 1, '2019-11-11 06:14:08', '2019-11-11 06:14:08'),
(200, 4, 113, 8, 1, 4, 1, 1, '2019-11-11 06:14:08', '2019-11-11 06:14:08'),
(201, 4, 114, 8, 1, 4, 1, 1, '2019-11-11 06:14:08', '2019-11-11 06:14:08'),
(202, 4, 115, 8, 1, 4, 1, 1, '2019-11-11 06:14:08', '2019-11-11 06:14:08'),
(203, 4, 116, 8, 1, 4, 1, 1, '2019-11-11 06:14:08', '2019-11-11 06:14:08'),
(204, 4, 117, 8, 1, 4, 1, 1, '2019-11-11 06:14:08', '2019-11-11 06:14:08'),
(205, 4, 118, 8, 1, 4, 1, 1, '2019-11-11 06:14:08', '2019-11-11 06:14:08'),
(206, 4, 119, 8, 1, 4, 1, 1, '2019-11-11 06:14:08', '2019-11-11 06:14:08'),
(207, 4, 120, 8, 1, 4, 1, 1, '2019-11-11 06:14:08', '2019-11-11 06:14:08'),
(208, 4, 121, 8, 1, 4, 1, 1, '2019-11-11 06:14:08', '2019-11-11 06:14:08'),
(209, 4, 122, 8, 1, 4, 1, 1, '2019-11-11 06:14:08', '2019-11-11 06:14:08'),
(210, 4, 123, 8, 1, 4, 1, 1, '2019-11-11 06:14:08', '2019-11-11 06:14:08'),
(211, 4, 124, 8, 1, 4, 1, 1, '2019-11-11 06:14:08', '2019-11-11 06:14:08'),
(212, 4, 125, 8, 1, 4, 1, 1, '2019-11-11 06:14:08', '2019-11-11 06:14:08'),
(213, 4, 126, 8, 1, 4, 1, 1, '2019-11-11 06:14:08', '2019-11-11 06:14:08'),
(214, 4, 127, 8, 0, 4, 1, 1, '2019-11-11 06:14:08', '2019-11-11 06:14:08'),
(215, 4, 1, 9, 100, 4, 1, 1, '2019-11-11 06:14:08', '2019-11-11 06:14:08'),
(216, 4, 2, 9, 50, 4, 1, 1, '2019-11-11 06:14:08', '2019-11-11 06:14:08'),
(217, 4, 3, 9, 50, 4, 1, 1, '2019-11-11 06:14:08', '2019-11-11 06:14:08'),
(218, 4, 4, 9, 10, 4, 1, 1, '2019-11-11 06:14:08', '2019-11-11 06:14:08'),
(219, 4, 5, 9, 10, 4, 1, 1, '2019-11-11 06:14:08', '2019-11-11 06:14:08'),
(220, 4, 6, 9, 10, 4, 1, 1, '2019-11-11 06:14:08', '2019-11-11 06:14:08'),
(221, 4, 7, 9, 10, 4, 1, 1, '2019-11-11 06:14:08', '2019-11-11 06:14:08'),
(222, 4, 8, 9, 10, 4, 1, 1, '2019-11-11 06:14:08', '2019-11-11 06:14:08'),
(223, 4, 9, 9, 20, 4, 1, 1, '2019-11-11 06:14:08', '2019-11-11 06:14:08'),
(224, 4, 10, 9, 10, 4, 1, 1, '2019-11-11 06:14:08', '2019-11-11 06:14:08'),
(225, 4, 11, 9, 10, 4, 1, 1, '2019-11-11 06:14:08', '2019-11-11 06:14:08'),
(226, 4, 12, 9, 10, 4, 1, 1, '2019-11-11 06:14:08', '2019-11-11 06:14:08'),
(227, 4, 128, 9, 1, 4, 1, 1, '2019-11-11 06:14:08', '2019-11-11 06:14:08'),
(228, 4, 129, 9, 1, 4, 1, 1, '2019-11-11 06:14:08', '2019-11-11 06:14:08'),
(229, 4, 130, 9, 1, 4, 1, 1, '2019-11-11 06:14:08', '2019-11-11 06:14:08'),
(230, 4, 131, 9, 1, 4, 1, 1, '2019-11-11 06:14:08', '2019-11-11 06:14:08'),
(231, 4, 132, 9, 1, 4, 1, 1, '2019-11-11 06:14:08', '2019-11-11 06:14:08'),
(232, 4, 133, 9, 1, 4, 1, 1, '2019-11-11 06:14:08', '2019-11-11 06:14:08'),
(233, 4, 134, 9, 1, 4, 1, 1, '2019-11-11 06:14:08', '2019-11-11 06:14:08'),
(234, 4, 135, 9, 1, 4, 1, 1, '2019-11-11 06:14:08', '2019-11-11 06:14:08'),
(235, 4, 136, 9, 1, 4, 1, 1, '2019-11-11 06:14:08', '2019-11-11 06:14:08'),
(236, 4, 137, 9, 1, 4, 1, 1, '2019-11-11 06:14:08', '2019-11-11 06:14:08'),
(237, 4, 138, 9, 1, 4, 1, 1, '2019-11-11 06:14:08', '2019-11-11 06:14:08'),
(238, 4, 139, 9, 1, 4, 1, 1, '2019-11-11 06:14:08', '2019-11-11 06:14:08'),
(239, 4, 140, 9, 1, 4, 1, 1, '2019-11-11 06:14:08', '2019-11-11 06:14:08'),
(240, 4, 141, 9, 1, 4, 1, 1, '2019-11-11 06:14:08', '2019-11-11 06:14:08'),
(241, 4, 142, 9, 1, 4, 1, 1, '2019-11-11 06:14:08', '2019-11-11 06:14:08'),
(242, 4, 143, 9, 1, 4, 1, 1, '2019-11-11 06:14:08', '2019-11-11 06:14:08'),
(243, 4, 144, 9, 1, 4, 1, 1, '2019-11-11 06:14:08', '2019-11-11 06:14:08'),
(244, 4, 145, 9, 1, 4, 1, 1, '2019-11-11 06:14:08', '2019-11-11 06:14:08'),
(245, 4, 146, 9, 1, 4, 1, 1, '2019-11-11 06:14:08', '2019-11-11 06:14:08'),
(246, 4, 147, 9, 1, 4, 1, 1, '2019-11-11 06:14:08', '2019-11-11 06:14:08'),
(247, 4, 148, 9, 0, 4, 1, 1, '2019-11-11 06:14:08', '2019-11-11 06:14:08');

-- --------------------------------------------------------

--
-- Table structure for table `scheme_indicator`
--

CREATE TABLE `scheme_indicator` (
  `indicator_id` int(11) NOT NULL,
  `indicator_name` varchar(200) NOT NULL,
  `scheme_id` int(11) NOT NULL,
  `unit` varchar(50) NOT NULL,
  `performance` int(11) NOT NULL,
  `created_by` int(11) NOT NULL,
  `updated_by` int(11) NOT NULL,
  `created_at` timestamp NOT NULL DEFAULT current_timestamp(),
  `updated_at` timestamp NOT NULL DEFAULT current_timestamp()
) ENGINE=InnoDB DEFAULT CHARSET=utf8mb4;

--
-- Dumping data for table `scheme_indicator`
--

INSERT INTO `scheme_indicator` (`indicator_id`, `indicator_name`, `scheme_id`, `unit`, `performance`, `created_by`, `updated_by`, `created_at`, `updated_at`) VALUES
(1, 'PMJAY_IND_1', 1, '1', 1, 1, 1, '2019-11-09 05:20:02', '2019-11-09 05:20:02'),
(2, 'PMJAY_IND_2', 1, '1', 1, 1, 1, '2019-11-09 05:20:02', '2019-11-09 05:20:02'),
(3, 'KGBV_IND_1', 2, '1', 1, 1, 1, '2019-11-09 05:21:26', '2019-11-09 05:21:26'),
(4, 'KGBV_IND_2', 2, '1', 1, 1, 1, '2019-11-09 05:21:26', '2019-11-09 05:21:26'),
(5, 'RAFTAAR_IND_1', 3, '1', 1, 1, 1, '2019-11-09 05:22:38', '2019-11-09 05:22:38'),
(6, 'RAFTAAR_IND_2', 3, '1', 1, 1, 1, '2019-11-09 05:22:38', '2019-11-09 05:22:38'),
(7, 'RNTCP_IND_1', 4, '1', 1, 1, 1, '2019-11-09 05:23:51', '2019-11-09 05:23:51'),
(8, 'RNTCP_IND_2', 4, '1', 1, 1, 1, '2019-11-09 05:23:51', '2019-11-09 05:23:51'),
(17, 'RNTCP_IND_3', 4, '1', 1, 1, 1, '2019-11-10 23:38:18', '2019-11-10 23:38:18');

-- --------------------------------------------------------

--
-- Table structure for table `scheme_link`
--

CREATE TABLE `scheme_link` (
  `scheme_link_id` int(11) NOT NULL,
  `scheme_geo_target_id` int(11) NOT NULL,
  `created_by` int(11) NOT NULL,
  `updated_by` int(11) NOT NULL,
  `created_at` timestamp NOT NULL DEFAULT current_timestamp(),
  `updated_at` timestamp NOT NULL DEFAULT current_timestamp()
) ENGINE=InnoDB DEFAULT CHARSET=utf8mb4;

-- --------------------------------------------------------

--
-- Table structure for table `scheme_performance`
--

CREATE TABLE `scheme_performance` (
  `scheme_performance_id` int(11) NOT NULL,
  `scheme_geo_target_id` int(11) NOT NULL,
  `pre_value` int(11) NOT NULL,
  `carrent_value` int(11) NOT NULL,
  `created_by` int(11) NOT NULL,
  `updated_by` int(11) NOT NULL,
  `created_at` timestamp NOT NULL DEFAULT current_timestamp(),
  `updated_at` timestamp NOT NULL DEFAULT current_timestamp()
) ENGINE=InnoDB DEFAULT CHARSET=utf8mb4;

-- --------------------------------------------------------

--
-- Table structure for table `scheme_structure`
--

CREATE TABLE `scheme_structure` (
  `scheme_id` int(11) NOT NULL,
  `scheme_name` varchar(400) NOT NULL,
  `scheme_short_name` varchar(400) NOT NULL,
  `scheme_link_id` int(11) NOT NULL,
  `dept_id` int(11) NOT NULL,
  `scheme_type_id` int(11) NOT NULL,
  `planned_sd` int(11) NOT NULL,
  `planned_ed` int(11) NOT NULL,
  `actual_sd` int(11) NOT NULL,
  `actual_ed` int(11) NOT NULL,
  `description` text NOT NULL,
  `geo_related` varchar(4) NOT NULL,
  `created_by` int(11) NOT NULL,
  `updated_by` int(11) NOT NULL,
  `created_at` timestamp NOT NULL DEFAULT current_timestamp(),
  `updated_at` timestamp NOT NULL DEFAULT current_timestamp()
) ENGINE=InnoDB DEFAULT CHARSET=utf8mb4;

--
-- Dumping data for table `scheme_structure`
--

INSERT INTO `scheme_structure` (`scheme_id`, `scheme_name`, `scheme_short_name`, `scheme_link_id`, `dept_id`, `scheme_type_id`, `planned_sd`, `planned_ed`, `actual_sd`, `actual_ed`, `description`, `geo_related`, `created_by`, `updated_by`, `created_at`, `updated_at`) VALUES
(1, 'Pradhan Mantri Jan Arogya Yojana', 'PMJAY', 1, 1, 1, 1, 1, 1, 1, '\'NA\'', 'yes', 1, 1, '2019-11-09 04:59:51', '2019-11-09 04:59:51'),
(2, 'Kasturba Gandhi Balika Vidyalaya', 'KGBV', 1, 4, 1, 1, 1, 1, 1, '\'NA\'', 'yes', 1, 1, '2019-11-09 05:05:15', '2019-11-09 05:05:15'),
(3, 'Remunerative Approach for Agriculture and Allied sector Rejuvenation', 'RAFTAAR', 1, 7, 1, 1, 1, 1, 1, '\'NA\'', 'yes', 1, 1, '2019-11-09 05:06:37', '2019-11-09 05:06:37'),
(4, 'Revised National Tuberculosis Control Program', 'RNTCP', 1, 1, 2, 1, 1, 1, 1, '\'NA\'', 'yes', 1, 1, '2019-11-09 05:07:48', '2019-11-09 05:07:48');

-- --------------------------------------------------------

--
-- Table structure for table `scheme_type`
--

CREATE TABLE `scheme_type` (
  `sch_type_id` int(11) NOT NULL,
  `sch_type_name` varchar(100) NOT NULL,
  `created_by` int(11) NOT NULL,
  `updated_by` int(11) NOT NULL,
  `created_at` timestamp NOT NULL DEFAULT current_timestamp(),
  `updated_at` timestamp NOT NULL DEFAULT current_timestamp()
) ENGINE=InnoDB DEFAULT CHARSET=utf8mb4;

--
-- Dumping data for table `scheme_type`
--

INSERT INTO `scheme_type` (`sch_type_id`, `sch_type_name`, `created_by`, `updated_by`, `created_at`, `updated_at`) VALUES
(1, 'Central', 1, 1, '2019-11-09 06:18:06', '2019-11-09 06:18:06'),
(2, 'State', 1, 1, '2019-11-09 06:18:06', '2019-11-09 06:18:06');

-- --------------------------------------------------------

--
-- Table structure for table `team`
--

CREATE TABLE `team` (
  `id` int(11) NOT NULL,
  `team_type` varchar(256) NOT NULL,
  `team_number` varchar(256) NOT NULL,
  `poc` varchar(255) NOT NULL,
  `mobile` varchar(255) NOT NULL,
  `start_location` varchar(255) NOT NULL,
  `end_location` varchar(255) NOT NULL,
  `vehicle_no` varchar(255) NOT NULL,
  `onWordDate` date NOT NULL,
  `ReturnDate` date NOT NULL,
  `created_by` varchar(10) NOT NULL,
  `created_date` datetime NOT NULL DEFAULT current_timestamp(),
  `updated_by` varchar(255) NOT NULL,
  `updated_date` datetime NOT NULL DEFAULT current_timestamp(),
  `status` tinyint(1) NOT NULL
) ENGINE=InnoDB DEFAULT CHARSET=latin1;

--
-- Dumping data for table `team`
--

INSERT INTO `team` (`id`, `team_type`, `team_number`, `poc`, `mobile`, `start_location`, `end_location`, `vehicle_no`, `onWordDate`, `ReturnDate`, `created_by`, `created_date`, `updated_by`, `updated_date`, `status`) VALUES
(1, 'SST', '123456', 'amit', '8092181759', 'itscient', 'mango', 'JHO%742', '2019-11-13', '2019-11-15', 'Amit', '2019-11-06 18:30:41', 'amit', '2019-11-06 18:30:41', 1),
(2, 'dsfs', 'sdfsd', 'sdfsd', 'dsfsd', 'sdfsd', 'sdfs', 'sdfsd', '2019-10-12', '2019-07-12', '1', '2019-11-06 19:29:19', '1', '2019-11-06 19:29:19', 2),
(3, 'dfssd', 'sdfsd', 'sdfsd', '7209771679', 'sdfs', 'sdfs', 'sdfs', '2019-11-26', '2019-11-19', '1', '2019-11-06 19:30:28', '1', '2019-11-06 19:30:28', 2),
(4, 'sst', '565656', 'rohit', '7209771679', 'sdfsd', 'sdfs', 'sdfsd', '2019-11-06', '2019-11-19', '1', '2019-11-06 20:36:32', '1', '2019-11-06 20:36:32', 1);

-- --------------------------------------------------------

--
-- Table structure for table `uom`
--

CREATE TABLE `uom` (
  `uom_id` int(11) NOT NULL,
  `uom_name` varchar(40) NOT NULL,
  `created_by` int(11) NOT NULL,
  `updated_by` int(11) NOT NULL,
  `created_at` timestamp NOT NULL DEFAULT current_timestamp(),
  `updated_at` timestamp NOT NULL DEFAULT current_timestamp()
) ENGINE=InnoDB DEFAULT CHARSET=utf8mb4;

--
-- Dumping data for table `uom`
--

INSERT INTO `uom` (`uom_id`, `uom_name`, `created_by`, `updated_by`, `created_at`, `updated_at`) VALUES
(1, 'number', 1, 1, '2019-11-11 04:48:19', '2019-11-11 04:48:19'),
(2, 'percentage', 1, 1, '2019-11-11 04:50:12', '2019-11-11 04:50:12'),
(3, 'meter', 1, 1, '2019-11-11 04:50:12', '2019-11-11 04:50:12');

-- --------------------------------------------------------

--
-- Table structure for table `user`
--

CREATE TABLE `user` (
  `user_id` int(11) NOT NULL,
  `name` varchar(200) NOT NULL,
  `org_id` int(11) NOT NULL DEFAULT 1,
  `created_by` int(11) NOT NULL DEFAULT 1,
  `updated_by` int(11) NOT NULL DEFAULT 1,
  `created_at` timestamp NOT NULL DEFAULT current_timestamp(),
  `updated_at` timestamp NOT NULL DEFAULT current_timestamp()
) ENGINE=InnoDB DEFAULT CHARSET=utf8mb4;

--
-- Dumping data for table `user`
--

INSERT INTO `user` (`user_id`, `name`, `org_id`, `created_by`, `updated_by`, `created_at`, `updated_at`) VALUES
(1, 'Master Admin', 1, 1, 1, '2019-11-08 11:16:19', '2019-11-08 11:16:19'),
(2, 'Aarav', 1, 1, 1, '2019-11-08 11:18:01', '2019-11-08 11:18:01'),
(3, 'Vivaan', 1, 1, 1, '2019-11-08 11:18:03', '2019-11-08 11:18:03'),
(4, 'Aditya', 1, 1, 1, '2019-11-08 11:18:40', '2019-11-08 11:18:40'),
(5, 'Vihaan', 1, 1, 1, '2019-11-08 11:19:04', '2019-11-08 11:19:04'),
(6, 'Arjun', 1, 1, 1, '2019-11-08 11:19:17', '2019-11-08 11:19:17'),
(7, 'Reyansh', 1, 1, 1, '2019-11-08 11:19:31', '2019-11-08 11:19:31'),
(8, 'Muhammad', 1, 1, 1, '2019-11-08 11:19:45', '2019-11-08 11:19:45'),
(9, 'Sai', 1, 1, 1, '2019-11-08 11:19:57', '2019-11-08 11:19:57'),
(10, 'Arnav', 1, 1, 1, '2019-11-08 11:20:11', '2019-11-08 11:20:11'),
(11, 'Ayaan', 1, 1, 1, '2019-11-08 11:20:22', '2019-11-08 11:20:22'),
(12, 'Aryan', 1, 1, 1, '2019-11-08 11:20:48', '2019-11-08 11:20:48'),
(13, 'Ansh', 1, 1, 1, '2019-11-08 11:21:01', '2019-11-08 11:21:01'),
(14, 'Shaurya', 1, 1, 1, '2019-11-08 11:21:14', '2019-11-08 11:21:14'),
(15, 'Madhavaditya', 1, 1, 1, '2019-11-08 11:21:38', '2019-11-08 11:21:38'),
(16, 'Dhruv', 1, 1, 1, '2019-11-08 11:21:50', '2019-11-08 11:21:50'),
(17, 'Krishna', 1, 1, 1, '2019-11-08 11:22:01', '2019-11-08 11:22:01'),
(18, 'Krish', 1, 1, 1, '2019-11-08 11:22:16', '2019-11-08 11:22:16'),
(19, 'Atharv', 1, 1, 1, '2019-11-08 11:22:33', '2019-11-08 11:22:33'),
(20, 'Ishaan', 1, 1, 1, '2019-11-08 11:22:47', '2019-11-08 11:22:47'),
(21, 'Ishaani', 1, 1, 1, '2019-11-08 11:22:57', '2019-11-08 11:22:57'),
(22, 'Raahithya', 1, 1, 1, '2019-11-08 11:23:13', '2019-11-08 11:23:13'),
(23, 'Kabir', 1, 1, 1, '2019-11-08 11:23:24', '2019-11-08 11:23:24'),
(24, 'Arush', 1, 1, 1, '2019-11-08 11:23:40', '2019-11-08 11:23:40'),
(25, 'Rudra', 1, 1, 1, '2019-11-08 11:23:53', '2019-11-08 11:23:53'),
(26, 'Anik', 1, 1, 1, '2019-11-08 11:24:03', '2019-11-08 11:24:03'),
(27, 'Om', 1, 1, 1, '2019-11-08 11:24:14', '2019-11-08 11:24:14'),
(28, 'Ajay', 1, 1, 1, '2019-11-08 11:24:25', '2019-11-08 11:24:25'),
(29, 'Akshay', 1, 1, 1, '2019-11-08 11:24:36', '2019-11-08 11:24:36'),
(30, 'Chetan', 1, 1, 1, '2019-11-08 11:24:47', '2019-11-08 11:24:47'),
(31, 'Manish', 1, 1, 1, '2019-11-08 11:24:58', '2019-11-08 11:24:58'),
(32, 'Manisha', 1, 1, 1, '2019-11-08 11:25:06', '2019-11-08 11:25:06'),
(33, 'Manoj', 1, 1, 1, '2019-11-08 11:25:18', '2019-11-08 11:25:18'),
(34, 'Mohan', 1, 1, 1, '2019-11-08 11:25:30', '2019-11-08 11:25:30'),
(35, 'Mohak', 1, 1, 1, '2019-11-08 11:25:37', '2019-11-08 11:25:37'),
(36, 'Prem', 1, 1, 1, '2019-11-08 11:26:02', '2019-11-08 11:26:02'),
(37, 'Rahul', 1, 1, 1, '2019-11-08 11:26:15', '2019-11-08 11:26:15'),
(38, 'Rajesh', 1, 1, 1, '2019-11-08 11:26:26', '2019-11-08 11:26:26'),
(39, 'Ramesh', 1, 1, 1, '2019-11-08 11:26:39', '2019-11-08 11:26:39'),
(40, 'Sanjay', 1, 1, 1, '2019-11-08 11:26:51', '2019-11-08 11:26:51'),
(41, 'Rohit', 1, 1, 1, '2019-11-08 11:27:05', '2019-11-08 11:27:05'),
(42, 'Vijay', 1, 1, 1, '2019-11-08 11:27:16', '2019-11-08 11:27:16'),
(43, 'Vinod', 1, 1, 1, '2019-11-08 11:27:27', '2019-11-08 11:27:27'),
(44, 'Abhay', 1, 1, 1, '2019-11-08 11:27:51', '2019-11-08 11:27:51'),
(45, 'Bodhi', 1, 1, 1, '2019-11-08 11:28:03', '2019-11-08 11:28:03'),
(46, 'Rajiv', 1, 1, 1, '2019-11-08 11:28:15', '2019-11-08 11:28:15'),
(47, 'Ravi', 1, 1, 1, '2019-11-08 11:28:23', '2019-11-08 11:28:23'),
(48, 'Kamal', 1, 1, 1, '2019-11-08 11:28:51', '2019-11-08 11:28:51'),
(49, 'Kamala', 1, 1, 1, '2019-11-08 11:28:56', '2019-11-08 11:28:56'),
(50, 'Navin', 1, 1, 1, '2019-11-08 11:29:08', '2019-11-08 11:29:08'),
(51, 'Rohan', 1, 1, 1, '2019-11-08 11:29:20', '2019-11-08 11:29:20'),
(52, 'Rohit', 1, 1, 1, '2019-11-08 11:29:26', '2019-11-08 11:29:26'),
(53, 'Advik', 1, 1, 1, '2019-11-08 11:29:37', '2019-11-08 11:29:37'),
(54, 'Ayush', 1, 1, 1, '2019-11-08 11:29:50', '2019-11-08 11:29:50'),
(55, 'Siddharth', 1, 1, 1, '2019-11-08 11:30:02', '2019-11-08 11:30:02'),
(56, 'Advaith', 1, 1, 1, '2019-11-08 11:30:19', '2019-11-08 11:30:19'),
(57, 'Raghav', 1, 1, 1, '2019-11-08 11:30:30', '2019-11-08 11:30:30'),
(58, 'Raghu', 1, 1, 1, '2019-11-08 11:30:40', '2019-11-08 11:30:40'),
(59, 'Dev', 1, 1, 1, '2019-11-08 11:30:52', '2019-11-08 11:30:52'),
(60, 'Devi', 1, 1, 1, '2019-11-08 11:30:57', '2019-11-08 11:30:57'),
(61, 'Parth', 1, 1, 1, '2019-11-08 11:31:10', '2019-11-08 11:31:10'),
(62, 'Partho', 1, 1, 1, '2019-11-08 11:31:15', '2019-11-08 11:31:15'),
(63, 'Abdul', 1, 1, 1, '2019-11-08 11:31:26', '2019-11-08 11:31:26'),
(64, 'Shivansh', 1, 1, 1, '2019-11-08 11:31:43', '2019-11-08 11:31:43'),
(65, 'Samar', 1, 1, 1, '2019-11-08 11:31:55', '2019-11-08 11:31:55'),
(66, 'Sameer', 1, 1, 1, '2019-11-08 11:32:05', '2019-11-08 11:32:05'),
(67, 'Pratyush', 1, 1, 1, '2019-11-08 11:32:17', '2019-11-08 11:32:17'),
(68, 'Pratyusha', 1, 1, 1, '2019-11-08 11:32:21', '2019-11-08 11:32:21'),
(69, 'Neil', 1, 1, 1, '2019-11-08 11:32:34', '2019-11-08 11:32:34'),
(70, 'Nitin', 1, 1, 1, '2019-11-08 11:32:42', '2019-11-08 11:32:42'),
(71, 'Mukesh', 1, 1, 1, '2019-11-08 11:32:54', '2019-11-08 11:32:54'),
(72, 'Devansh', 1, 1, 1, '2019-11-08 11:33:08', '2019-11-08 11:33:08'),
(73, 'Devanshi', 1, 1, 1, '2019-11-08 11:33:13', '2019-11-08 11:33:13'),
(74, 'Yash', 1, 1, 1, '2019-11-08 11:33:24', '2019-11-08 11:33:24'),
(75, 'Raj', 1, 1, 1, '2019-11-08 11:33:38', '2019-11-08 11:33:38'),
(76, 'Tejas\r\n', 1, 1, 1, '2019-11-08 11:33:54', '2019-11-08 11:33:54'),
(77, 'Tejasvini', 1, 1, 1, '2019-11-08 11:34:23', '2019-11-08 11:34:23'),
(78, 'Zayn', 1, 1, 1, '2019-11-08 11:34:36', '2019-11-08 11:34:36'),
(79, 'Darsh', 1, 1, 1, '2019-11-08 11:34:46', '2019-11-08 11:34:46'),
(80, 'Sarthak', 1, 1, 1, '2019-11-08 11:35:10', '2019-11-08 11:35:10'),
(81, 'Gautam', 1, 1, 1, '2019-11-08 11:35:21', '2019-11-08 11:35:21'),
(82, 'Gautami', 1, 1, 1, '2019-11-08 11:36:41', '2019-11-08 11:36:41'),
(83, 'Agastya', 1, 1, 1, '2019-11-08 11:36:54', '2019-11-08 11:36:54'),
(84, 'Samarth', 1, 1, 1, '2019-11-08 11:37:07', '2019-11-08 11:37:07'),
(85, 'Samar', 1, 1, 1, '2019-11-08 11:37:18', '2019-11-08 11:37:18'),
(86, 'Pranav', 1, 1, 1, '2019-11-08 11:37:30', '2019-11-08 11:37:30'),
(87, 'Daksh', 1, 1, 1, '2019-11-08 11:37:43', '2019-11-08 11:37:43'),
(88, 'Aadesh', 1, 1, 1, '2019-11-08 11:37:54', '2019-11-08 11:37:54'),
(89, 'Aakash', 1, 1, 1, '2019-11-08 11:38:04', '2019-11-08 11:38:04'),
(90, 'Abhimanyu', 1, 1, 1, '2019-11-08 11:38:17', '2019-11-08 11:38:17'),
(91, 'Adit', 1, 1, 1, '2019-11-08 11:38:28', '2019-11-08 11:38:28'),
(92, 'Adnan', 1, 1, 1, '2019-11-08 11:38:40', '2019-11-08 11:38:40'),
(93, 'Amandeep', 1, 1, 1, '2019-11-08 11:38:56', '2019-11-08 11:38:56'),
(94, 'Aman', 1, 1, 1, '2019-11-08 11:39:02', '2019-11-08 11:39:02'),
(95, 'Bharat', 1, 1, 1, '2019-11-08 11:39:17', '2019-11-08 11:39:17'),
(96, 'Bharati', 1, 1, 1, '2019-11-08 11:39:23', '2019-11-08 11:39:23'),
(97, 'Chandan', 1, 1, 1, '2019-11-08 11:39:34', '2019-11-08 11:39:34'),
(98, 'Chandni', 1, 1, 1, '2019-11-08 11:39:44', '2019-11-08 11:39:44'),
(99, 'Dalip', 1, 1, 1, '2019-11-08 11:39:55', '2019-11-08 11:39:55'),
(100, 'Deepak', 1, 1, 1, '2019-11-08 11:40:08', '2019-11-08 11:40:08'),
(101, 'Deep', 1, 1, 1, '2019-11-08 11:40:13', '2019-11-08 11:40:13'),
(102, 'Deepika', 1, 1, 1, '2019-11-08 11:40:24', '2019-11-08 11:40:24'),
(103, 'Dinesh', 1, 1, 1, '2019-11-08 11:40:35', '2019-11-08 11:40:35'),
(104, 'Eklavya', 1, 1, 1, '2019-11-08 11:40:46', '2019-11-08 11:40:46'),
(105, 'Gaurav', 1, 1, 1, '2019-11-08 11:40:56', '2019-11-08 11:40:56'),
(106, 'Govinda', 1, 1, 1, '2019-11-08 11:41:06', '2019-11-08 11:41:06'),
(107, 'Gurdeep', 1, 1, 1, '2019-11-08 11:41:17', '2019-11-08 11:41:17'),
(108, 'Hari', 1, 1, 1, '2019-11-08 11:41:31', '2019-11-08 11:41:31'),
(109, 'Harish', 1, 1, 1, '2019-11-08 11:42:23', '2019-11-08 11:42:23'),
(110, 'Harsh', 1, 1, 1, '2019-11-08 11:42:34', '2019-11-08 11:42:34'),
(111, 'Harsha', 1, 1, 1, '2019-11-08 11:42:50', '2019-11-08 11:42:50'),
(112, 'Hemant', 1, 1, 1, '2019-11-08 11:43:04', '2019-11-08 11:43:04'),
(113, 'Hemani', 1, 1, 1, '2019-11-08 11:43:14', '2019-11-08 11:43:14'),
(114, 'Sabhya', 1, 1, 1, '2019-11-08 11:43:25', '2019-11-08 11:43:25'),
(115, 'Jai', 1, 1, 1, '2019-11-08 11:43:36', '2019-11-08 11:43:36'),
(116, 'Rishabh', 1, 1, 1, '2019-11-08 11:43:49', '2019-11-08 11:43:49'),
(117, 'Hrithik', 1, 1, 1, '2019-11-08 11:44:02', '2019-11-08 11:44:02'),
(118, 'Indra', 1, 1, 1, '2019-11-08 11:44:13', '2019-11-08 11:44:13'),
(119, 'Shakti', 1, 1, 1, '2019-11-08 11:44:25', '2019-11-08 11:44:25'),
(120, 'Jagan', 1, 1, 1, '2019-11-08 11:44:41', '2019-11-08 11:44:41'),
(121, 'Karan', 1, 1, 1, '2019-11-08 11:44:53', '2019-11-08 11:44:53'),
(122, 'Veer', 1, 1, 1, '2019-11-08 11:45:02', '2019-11-08 11:45:02'),
(123, 'Karthik', 1, 1, 1, '2019-11-08 11:45:13', '2019-11-08 11:45:13'),
(124, 'Kushal', 1, 1, 1, '2019-11-08 11:45:25', '2019-11-08 11:45:25'),
(125, 'Lalit', 1, 1, 1, '2019-11-08 11:45:36', '2019-11-08 11:45:36'),
(126, 'Lalita', 1, 1, 1, '2019-11-08 11:45:41', '2019-11-08 11:45:41'),
(127, 'Mehul', 1, 1, 1, '2019-11-08 11:45:52', '2019-11-08 11:45:52'),
(128, 'Nakul', 1, 1, 1, '2019-11-08 11:46:02', '2019-11-08 11:46:02'),
(129, 'Neha', 1, 1, 1, '2019-11-08 11:47:20', '2019-11-08 11:47:20'),
(130, 'Swati', 1, 1, 1, '2019-11-08 11:47:28', '2019-11-08 11:47:28'),
(131, 'Megha', 1, 1, 1, '2019-11-08 11:47:34', '2019-11-08 11:47:34'),
(132, 'Manali', 1, 1, 1, '2019-11-08 11:47:43', '2019-11-08 11:47:43'),
(133, 'Nekita', 1, 1, 1, '2019-11-08 11:47:51', '2019-11-08 11:47:51'),
(134, 'Sonal', 1, 1, 1, '2019-11-08 11:48:01', '2019-11-08 11:48:01'),
(135, 'Sonali', 1, 1, 1, '2019-11-08 11:48:09', '2019-11-08 11:48:09'),
(136, 'Sneha', 1, 1, 1, '2019-11-08 11:48:25', '2019-11-08 11:48:25'),
(137, 'Rani', 1, 1, 1, '2019-11-08 11:48:34', '2019-11-08 11:48:34'),
(138, 'Afreen', 1, 1, 1, '2019-11-08 11:48:45', '2019-11-08 11:48:45'),
(139, 'Komal', 1, 1, 1, '2019-11-08 11:48:54', '2019-11-08 11:48:54'),
(140, 'Shiva', 1, 1, 1, '2019-11-08 11:49:08', '2019-11-08 11:49:08'),
(141, 'Shiv', 1, 1, 1, '2019-11-08 11:49:13', '2019-11-08 11:49:13'),
(142, 'Shankar', 1, 1, 1, '2019-11-08 11:49:23', '2019-11-08 11:49:23'),
(143, 'Menal', 1, 1, 1, '2019-11-08 11:49:52', '2019-11-08 11:49:52'),
(144, 'Meenu', 1, 1, 1, '2019-11-08 11:50:00', '2019-11-08 11:50:00'),
(145, 'Payal', 1, 1, 1, '2019-11-08 11:50:06', '2019-11-08 11:50:06'),
(146, 'Akansha', 1, 1, 1, '2019-11-08 11:50:46', '2019-11-08 11:50:46'),
(147, 'Adya', 1, 1, 1, '2019-11-08 11:51:34', '2019-11-08 11:51:34'),
(148, 'Noor', 1, 1, 1, '2019-11-08 11:51:42', '2019-11-08 11:51:42'),
(149, 'Ankeita', 1, 1, 1, '2019-11-08 11:51:55', '2019-11-08 11:51:55'),
(150, 'Pooja', 1, 1, 1, '2019-11-08 11:52:02', '2019-11-08 11:52:02');

-- --------------------------------------------------------

--
-- Table structure for table `users`
--

CREATE TABLE `users` (
  `id` int(11) NOT NULL,
  `org_id` int(11) DEFAULT NULL,
  `users_role` int(11) DEFAULT NULL,
  `users_type` int(11) DEFAULT NULL COMMENT '''1'' Employee',
  `parent_id` int(11) DEFAULT NULL,
  `emp_id` int(11) DEFAULT NULL,
  `username` varchar(111) COLLATE utf8_unicode_ci DEFAULT NULL,
  `name` varchar(100) COLLATE utf8_unicode_ci DEFAULT NULL,
  `password` varchar(255) COLLATE utf8_unicode_ci DEFAULT NULL,
  `email` varchar(255) COLLATE utf8_unicode_ci DEFAULT NULL,
  `phone` bigint(111) DEFAULT NULL,
  `profile_img` varchar(255) COLLATE utf8_unicode_ci DEFAULT NULL,
  `designation` varchar(111) COLLATE utf8_unicode_ci DEFAULT NULL,
  `gender` varchar(50) COLLATE utf8_unicode_ci DEFAULT NULL,
  `city` varchar(50) COLLATE utf8_unicode_ci DEFAULT NULL,
  `state` varchar(111) COLLATE utf8_unicode_ci DEFAULT NULL,
  `address` mediumtext COLLATE utf8_unicode_ci DEFAULT NULL,
  `address2` text COLLATE utf8_unicode_ci DEFAULT NULL,
  `pincode` bigint(10) DEFAULT NULL,
  `country` varchar(50) COLLATE utf8_unicode_ci DEFAULT NULL,
  `email_verified_at` timestamp NULL DEFAULT NULL,
  `remember_token` varchar(100) COLLATE utf8_unicode_ci DEFAULT NULL,
  `token_expire` datetime DEFAULT NULL,
  `status` int(11) DEFAULT 1 COMMENT '''0'' Inactive , ''1'' Active',
  `is_deleted` int(11) DEFAULT 0 COMMENT '''1'' =>delete',
  `deleted_by` int(11) DEFAULT NULL,
  `deleted_date` timestamp NULL DEFAULT NULL,
  `ip_address` varchar(20) COLLATE utf8_unicode_ci DEFAULT NULL,
  `modified_date` timestamp NOT NULL DEFAULT current_timestamp() ON UPDATE current_timestamp(),
  `created_at` timestamp NULL DEFAULT current_timestamp(),
  `updated_at` timestamp NULL DEFAULT current_timestamp(),
  `created_date` datetime DEFAULT NULL,
  `last_login` datetime DEFAULT NULL
) ENGINE=InnoDB DEFAULT CHARSET=utf8 COLLATE=utf8_unicode_ci;

--
-- Dumping data for table `users`
--

INSERT INTO `users` (`id`, `org_id`, `users_role`, `users_type`, `parent_id`, `emp_id`, `username`, `name`, `password`, `email`, `phone`, `profile_img`, `designation`, `gender`, `city`, `state`, `address`, `address2`, `pincode`, `country`, `email_verified_at`, `remember_token`, `token_expire`, `status`, `is_deleted`, `deleted_by`, `deleted_date`, `ip_address`, `modified_date`, `created_at`, `updated_at`, `created_date`, `last_login`) VALUES
(1, NULL, 1, NULL, NULL, NULL, 'admin', 'admin', '$2a$08$TnLUue010iZQcUVL.b0bPeCaFvVqa221s0MmNopcnzeIg4q4jjxQa', 'amitrajput270@gmail.com', 7409969352, '1571663279.png', NULL, 'male', 'Noida', 'Utter Pradesh', 'Noida Sec - 63', NULL, 201301, 'India', NULL, '7l2npH8FfaRcgAG2dRtcvwjpXL33XLFsrs0ZikBPuqXGLaRtIOzw2Lbtd2jz', NULL, 1, 0, NULL, NULL, NULL, '2019-11-13 12:35:36', '2019-09-28 08:38:07', '2019-10-21 23:37:59', NULL, NULL),
(58, NULL, 2, NULL, NULL, NULL, 'thedemocompany', 'thedemocompany', '$2y$10$aE7X.SfV86FJRJa9.Jx92ed2CamEic605Z1ZkkAVFcwcYIrM1yYBO', 'test@gmail.com', NULL, NULL, NULL, NULL, NULL, NULL, 'Adityapur', NULL, NULL, NULL, NULL, NULL, NULL, 1, 0, NULL, NULL, '122.161.199.193', '2019-10-24 11:59:46', '2019-10-24 22:29:46', '2019-10-24 22:29:46', NULL, NULL),
(59, NULL, 2, NULL, NULL, NULL, 'google', 'Google', '$2y$10$CiRNS.8I2z7kRmzgqMDjdONmLEoB4kp3pKdFV2Lm.aoo38G6XLJiS', 'google@gmail.com', NULL, NULL, NULL, NULL, NULL, NULL, 'Ncr', NULL, NULL, NULL, NULL, NULL, NULL, 1, 0, NULL, NULL, '1.6.162.197', '2019-10-24 12:05:42', '2019-10-24 22:35:42', '2019-10-24 22:35:42', NULL, NULL),
(61, 1, 3, NULL, NULL, NULL, 'neeraj', 'Neeraj', '$2y$10$2Ke6kxR5vMCHX/C05vdcC.z4gauYPOwitV5kk7FrMdUCzbCWtEg5S', 'amazon@gmail.com', 454645564, '1571920934.jpg', 'Employee', 'male', 'Noida', 'Uttar Pradesh', 'Noida sec -62 , 201301', NULL, 201301, 'india', NULL, NULL, NULL, 1, 0, NULL, NULL, '122.161.199.193', '2019-10-24 12:42:14', '2019-10-24 23:12:14', '2019-10-24 12:42:14', NULL, NULL),
(62, NULL, 2, NULL, NULL, NULL, 'itscient', 'IT SCIENT', '$2y$10$0QFpKRc30n5WuvydsGvMPufVvgcrLc7aqo1k8owlKEhwRjSol6xL.', 'sumant@gmail.com', NULL, NULL, NULL, NULL, NULL, NULL, 'B726 Ithum Tower', NULL, NULL, NULL, NULL, 'c1Q5U76whEvxt2pbEYxYPc1sILkJeH3y39XsdoQI1BvJc7XudmzaI4DrIWRk', NULL, 1, 0, NULL, NULL, '122.161.199.193', '2019-11-01 06:00:49', '2019-10-24 23:25:23', '2019-10-24 23:25:23', NULL, NULL),
(64, 2, 4, NULL, NULL, NULL, 'rohit', 'Rohit Singh', '$2y$10$JLpbbwUHrlkk6v30LWWr0uSLD11eVCqJyB/Tb7v8V4u0e5IPk9XwW', 'rohit@gmail.com', 5665656222, '1571922444.jpg', 'Manager', NULL, 'Delhi', 'NCT Delhi', 'Ncr', NULL, 225555, NULL, NULL, NULL, NULL, 1, 0, NULL, NULL, '1.6.162.197', '2019-10-24 13:37:17', '2019-10-24 23:37:24', '2019-10-25 00:07:17', NULL, NULL),
(65, 3, 4, NULL, NULL, NULL, 'sumant', 'Sumant', '$2y$10$C496BFQkTEBCskRJUXya3OoAH.dLTp.xHvAQhMGVjWVpW/jH7opga', 'sumant@gmail.com', 9311959563, '1572030900.jpg', 'Manager', 'male', NULL, NULL, 'adityapur', NULL, NULL, NULL, NULL, NULL, NULL, 1, 0, NULL, NULL, '122.161.199.193', '2019-10-25 19:15:00', '2019-10-24 23:50:11', '2019-10-26 05:45:00', NULL, NULL),
(66, 1, 4, NULL, NULL, NULL, 'priyanka', 'Priyanka', '$2y$10$wK16nmJNh4jRoGwf0KleCOL9nM6OhQzWRIkQ7BqKZXqJLRKfUMU4C', 'priyanka@gmail.com', 9311959563, '1571923803.png', 'Manager', 'female', NULL, NULL, 'Adityapur', NULL, NULL, NULL, NULL, NULL, NULL, 1, 0, NULL, NULL, '139.167.210.27', '2019-10-25 18:21:25', '2019-10-24 23:54:51', '2019-10-26 04:51:25', NULL, NULL),
(67, 3, 3, NULL, NULL, NULL, 'juhi', 'Juhi kumari', '$2y$10$QIhZpdSnjvWeIln8os7ufe3aogxX6ktM0cpet1JERbEAqmc1ln5By', 'juhi@gmail.com', 987654321, '1572030997.jpg', 'Employee', 'female', 'jsr', 'jh', 'jsr', NULL, 866498, 'india', NULL, NULL, NULL, 1, 0, NULL, NULL, '47.9.221.222', '2019-10-25 19:16:37', '2019-10-25 03:38:32', '2019-10-26 05:46:37', NULL, NULL),
(68, 1, 3, NULL, NULL, NULL, 'priya', 'Priyanka Tanti', '$2y$10$VMTC/85KoMII7onyP2M3geU9izhOQuNV.2TRMGtf8sXbfaK12jieS', 'priyanka@gmail.com', 55657678678, '1572081300.jpg', 'Employee', 'male', 'jsr', 'jsr', 'jsr', NULL, 855252, NULL, NULL, NULL, NULL, 1, 0, NULL, NULL, '139.28.219.134', '2019-11-01 06:04:49', '2019-10-26 17:02:00', '2019-11-01 16:34:49', NULL, NULL),
(69, 3, 3, NULL, NULL, NULL, 'rajesh', 'Rajesh', '$2y$10$2l.a8VpY26LZkB5PtZwbX.yiplXr5rOmlBCiXfgRNkZtS5rL16u1K', NULL, NULL, NULL, 'Employee', NULL, 'noida', 'up', 'noida', NULL, NULL, NULL, NULL, NULL, NULL, 1, 0, NULL, NULL, '1.6.162.197', '2019-10-26 09:00:50', '2019-10-26 17:11:28', '2019-10-26 19:30:50', NULL, NULL),
(70, 3, 3, NULL, NULL, NULL, 'amit', 'Amit', '$2y$10$MvM8OaxLv2UDUDES5iD7yeQ.axpWoFzvT/Z0Uf5wVD8FvhUc1hSIi', 'amit@gmail.com', 5588558874, '1572072356.jpg', 'Employee', 'male', NULL, NULL, 'jsr', NULL, 5686886, 'india', NULL, NULL, NULL, 1, 0, NULL, NULL, '1.6.162.197', '2019-10-26 06:45:56', '2019-10-26 17:15:08', '2019-10-26 17:15:56', NULL, NULL),
(71, 3, 3, NULL, NULL, NULL, 'purnima', 'Purnima', '$2y$10$Wm75kENF0et0BtUE7GnkPOtPAOfvQoZ3ZPE8y65QEnxuPApuTV4BO', 'purnima.itscient@gmail.com', 9711696043, '1572425593.jpg', 'Employee', 'male', NULL, NULL, 'Noida', NULL, NULL, NULL, NULL, NULL, NULL, 1, 0, NULL, NULL, '122.161.199.193', '2019-10-30 08:58:35', '2019-10-30 19:22:52', '2019-10-30 19:28:35', NULL, NULL),
(72, 2, 3, NULL, NULL, NULL, NULL, 'demo', '$2y$10$vwO6iQQVRkeEkGB5.vRV4OinO2BIFH5v76SH1aUi.u1VsQA02NBRq', 'danroy4@gmail.com', 545454545454, NULL, 'Employee', 'male', NULL, NULL, 'asdasdasd', NULL, NULL, NULL, NULL, NULL, NULL, 1, 0, NULL, NULL, '1.6.162.197', '2019-10-31 07:17:27', '2019-10-31 17:47:27', '2019-10-31 07:17:27', NULL, NULL);

-- --------------------------------------------------------

--
-- Table structure for table `user_data`
--

CREATE TABLE `user_data` (
  `user_id` int(11) NOT NULL,
  `name` varchar(200) NOT NULL,
  `org_id` int(11) NOT NULL,
  `created_by` int(11) NOT NULL,
  `updated_by` int(11) NOT NULL,
  `created_at` timestamp NOT NULL DEFAULT current_timestamp(),
  `updated_at` timestamp NOT NULL DEFAULT current_timestamp()
) ENGINE=InnoDB DEFAULT CHARSET=utf8mb4;

--
-- Dumping data for table `user_data`
--

INSERT INTO `user_data` (`user_id`, `name`, `org_id`, `created_by`, `updated_by`, `created_at`, `updated_at`) VALUES
(1, 'Master Admin', 1, 1, 1, '2019-11-08 05:46:19', '2019-11-08 05:46:19'),
(2, 'Aarav', 1, 1, 1, '2019-11-08 05:48:01', '2019-11-08 05:48:01'),
(3, 'Vivaan', 1, 1, 1, '2019-11-08 05:48:03', '2019-11-08 05:48:03'),
(4, 'Aditya', 1, 1, 1, '2019-11-08 05:48:40', '2019-11-08 05:48:40'),
(5, 'Vihaan', 1, 1, 1, '2019-11-08 05:49:04', '2019-11-08 05:49:04'),
(6, 'Arjun', 1, 1, 1, '2019-11-08 05:49:17', '2019-11-08 05:49:17'),
(7, 'Reyansh', 1, 1, 1, '2019-11-08 05:49:31', '2019-11-08 05:49:31'),
(8, 'Muhammad', 1, 1, 1, '2019-11-08 05:49:45', '2019-11-08 05:49:45'),
(9, 'Sai', 1, 1, 1, '2019-11-08 05:49:57', '2019-11-08 05:49:57'),
(10, 'Arnav', 1, 1, 1, '2019-11-08 05:50:11', '2019-11-08 05:50:11'),
(11, 'Ayaan', 1, 1, 1, '2019-11-08 05:50:22', '2019-11-08 05:50:22'),
(12, 'Aryan', 1, 1, 1, '2019-11-08 05:50:48', '2019-11-08 05:50:48'),
(13, 'Ansh', 1, 1, 1, '2019-11-08 05:51:01', '2019-11-08 05:51:01'),
(14, 'Shaurya', 1, 1, 1, '2019-11-08 05:51:14', '2019-11-08 05:51:14'),
(15, 'Madhavaditya', 1, 1, 1, '2019-11-08 05:51:38', '2019-11-08 05:51:38'),
(16, 'Dhruv', 1, 1, 1, '2019-11-08 05:51:50', '2019-11-08 05:51:50'),
(17, 'Krishna', 1, 1, 1, '2019-11-08 05:52:01', '2019-11-08 05:52:01'),
(18, 'Krish', 1, 1, 1, '2019-11-08 05:52:16', '2019-11-08 05:52:16'),
(19, 'Atharv', 1, 1, 1, '2019-11-08 05:52:33', '2019-11-08 05:52:33'),
(20, 'Ishaan', 1, 1, 1, '2019-11-08 05:52:47', '2019-11-08 05:52:47'),
(21, 'Ishaani', 1, 1, 1, '2019-11-08 05:52:57', '2019-11-08 05:52:57'),
(22, 'Raahithya', 1, 1, 1, '2019-11-08 05:53:13', '2019-11-08 05:53:13'),
(23, 'Kabir', 1, 1, 1, '2019-11-08 05:53:24', '2019-11-08 05:53:24'),
(24, 'Arush', 1, 1, 1, '2019-11-08 05:53:40', '2019-11-08 05:53:40'),
(25, 'Rudra', 1, 1, 1, '2019-11-08 05:53:53', '2019-11-08 05:53:53'),
(26, 'Anik', 1, 1, 1, '2019-11-08 05:54:03', '2019-11-08 05:54:03'),
(27, 'Om', 1, 1, 1, '2019-11-08 05:54:14', '2019-11-08 05:54:14'),
(28, 'Ajay', 1, 1, 1, '2019-11-08 05:54:25', '2019-11-08 05:54:25'),
(29, 'Akshay', 1, 1, 1, '2019-11-08 05:54:36', '2019-11-08 05:54:36'),
(30, 'Chetan', 1, 1, 1, '2019-11-08 05:54:47', '2019-11-08 05:54:47'),
(31, 'Manish', 1, 1, 1, '2019-11-08 05:54:58', '2019-11-08 05:54:58'),
(32, 'Manisha', 1, 1, 1, '2019-11-08 05:55:06', '2019-11-08 05:55:06'),
(33, 'Manoj', 1, 1, 1, '2019-11-08 05:55:18', '2019-11-08 05:55:18'),
(34, 'Mohan', 1, 1, 1, '2019-11-08 05:55:30', '2019-11-08 05:55:30'),
(35, 'Mohak', 1, 1, 1, '2019-11-08 05:55:37', '2019-11-08 05:55:37'),
(36, 'Prem', 1, 1, 1, '2019-11-08 05:56:02', '2019-11-08 05:56:02'),
(37, 'Rahul', 1, 1, 1, '2019-11-08 05:56:15', '2019-11-08 05:56:15'),
(38, 'Rajesh', 1, 1, 1, '2019-11-08 05:56:26', '2019-11-08 05:56:26'),
(39, 'Ramesh', 1, 1, 1, '2019-11-08 05:56:39', '2019-11-08 05:56:39'),
(40, 'Sanjay', 1, 1, 1, '2019-11-08 05:56:51', '2019-11-08 05:56:51'),
(41, 'Rohit', 1, 1, 1, '2019-11-08 05:57:05', '2019-11-08 05:57:05'),
(42, 'Vijay', 1, 1, 1, '2019-11-08 05:57:16', '2019-11-08 05:57:16'),
(43, 'Vinod', 1, 1, 1, '2019-11-08 05:57:27', '2019-11-08 05:57:27'),
(44, 'Abhay', 1, 1, 1, '2019-11-08 05:57:51', '2019-11-08 05:57:51'),
(45, 'Bodhi', 1, 1, 1, '2019-11-08 05:58:03', '2019-11-08 05:58:03'),
(46, 'Rajiv', 1, 1, 1, '2019-11-08 05:58:15', '2019-11-08 05:58:15'),
(47, 'Ravi', 1, 1, 1, '2019-11-08 05:58:23', '2019-11-08 05:58:23'),
(48, 'Kamal', 1, 1, 1, '2019-11-08 05:58:51', '2019-11-08 05:58:51'),
(49, 'Kamala', 1, 1, 1, '2019-11-08 05:58:56', '2019-11-08 05:58:56'),
(50, 'Navin', 1, 1, 1, '2019-11-08 05:59:08', '2019-11-08 05:59:08'),
(51, 'Rohan', 1, 1, 1, '2019-11-08 05:59:20', '2019-11-08 05:59:20'),
(52, 'Rohit', 1, 1, 1, '2019-11-08 05:59:26', '2019-11-08 05:59:26'),
(53, 'Advik', 1, 1, 1, '2019-11-08 05:59:37', '2019-11-08 05:59:37'),
(54, 'Ayush', 1, 1, 1, '2019-11-08 05:59:50', '2019-11-08 05:59:50'),
(55, 'Siddharth', 1, 1, 1, '2019-11-08 06:00:02', '2019-11-08 06:00:02'),
(56, 'Advaith', 1, 1, 1, '2019-11-08 06:00:19', '2019-11-08 06:00:19'),
(57, 'Raghav', 1, 1, 1, '2019-11-08 06:00:30', '2019-11-08 06:00:30'),
(58, 'Raghu', 1, 1, 1, '2019-11-08 06:00:40', '2019-11-08 06:00:40'),
(59, 'Dev', 1, 1, 1, '2019-11-08 06:00:52', '2019-11-08 06:00:52'),
(60, 'Devi', 1, 1, 1, '2019-11-08 06:00:57', '2019-11-08 06:00:57'),
(61, 'Parth', 1, 1, 1, '2019-11-08 06:01:10', '2019-11-08 06:01:10'),
(62, 'Partho', 1, 1, 1, '2019-11-08 06:01:15', '2019-11-08 06:01:15'),
(63, 'Abdul', 1, 1, 1, '2019-11-08 06:01:26', '2019-11-08 06:01:26'),
(64, 'Shivansh', 1, 1, 1, '2019-11-08 06:01:43', '2019-11-08 06:01:43'),
(65, 'Samar', 1, 1, 1, '2019-11-08 06:01:55', '2019-11-08 06:01:55'),
(66, 'Sameer', 1, 1, 1, '2019-11-08 06:02:05', '2019-11-08 06:02:05'),
(67, 'Pratyush', 1, 1, 1, '2019-11-08 06:02:17', '2019-11-08 06:02:17'),
(68, 'Pratyusha', 1, 1, 1, '2019-11-08 06:02:21', '2019-11-08 06:02:21'),
(69, 'Neil', 1, 1, 1, '2019-11-08 06:02:34', '2019-11-08 06:02:34'),
(70, 'Nitin', 1, 1, 1, '2019-11-08 06:02:42', '2019-11-08 06:02:42'),
(71, 'Mukesh', 1, 1, 1, '2019-11-08 06:02:54', '2019-11-08 06:02:54'),
(72, 'Devansh', 1, 1, 1, '2019-11-08 06:03:08', '2019-11-08 06:03:08'),
(73, 'Devanshi', 1, 1, 1, '2019-11-08 06:03:13', '2019-11-08 06:03:13'),
(74, 'Yash', 1, 1, 1, '2019-11-08 06:03:24', '2019-11-08 06:03:24'),
(75, 'Raj', 1, 1, 1, '2019-11-08 06:03:38', '2019-11-08 06:03:38'),
(76, 'Tejas\r\n', 1, 1, 1, '2019-11-08 06:03:54', '2019-11-08 06:03:54'),
(77, 'Tejasvini', 1, 1, 1, '2019-11-08 06:04:23', '2019-11-08 06:04:23'),
(78, 'Zayn', 1, 1, 1, '2019-11-08 06:04:36', '2019-11-08 06:04:36'),
(79, 'Darsh', 1, 1, 1, '2019-11-08 06:04:46', '2019-11-08 06:04:46'),
(80, 'Sarthak', 1, 1, 1, '2019-11-08 06:05:10', '2019-11-08 06:05:10'),
(81, 'Gautam', 1, 1, 1, '2019-11-08 06:05:21', '2019-11-08 06:05:21'),
(82, 'Gautami', 1, 1, 1, '2019-11-08 06:06:41', '2019-11-08 06:06:41'),
(83, 'Agastya', 1, 1, 1, '2019-11-08 06:06:54', '2019-11-08 06:06:54'),
(84, 'Samarth', 1, 1, 1, '2019-11-08 06:07:07', '2019-11-08 06:07:07'),
(85, 'Samar', 1, 1, 1, '2019-11-08 06:07:18', '2019-11-08 06:07:18'),
(86, 'Pranav', 1, 1, 1, '2019-11-08 06:07:30', '2019-11-08 06:07:30'),
(87, 'Daksh', 1, 1, 1, '2019-11-08 06:07:43', '2019-11-08 06:07:43'),
(88, 'Aadesh', 1, 1, 1, '2019-11-08 06:07:54', '2019-11-08 06:07:54'),
(89, 'Aakash', 1, 1, 1, '2019-11-08 06:08:04', '2019-11-08 06:08:04'),
(90, 'Abhimanyu', 1, 1, 1, '2019-11-08 06:08:17', '2019-11-08 06:08:17'),
(91, 'Adit', 1, 1, 1, '2019-11-08 06:08:28', '2019-11-08 06:08:28'),
(92, 'Adnan', 1, 1, 1, '2019-11-08 06:08:40', '2019-11-08 06:08:40'),
(93, 'Amandeep', 1, 1, 1, '2019-11-08 06:08:56', '2019-11-08 06:08:56'),
(94, 'Aman', 1, 1, 1, '2019-11-08 06:09:02', '2019-11-08 06:09:02'),
(95, 'Bharat', 1, 1, 1, '2019-11-08 06:09:17', '2019-11-08 06:09:17'),
(96, 'Bharati', 1, 1, 1, '2019-11-08 06:09:23', '2019-11-08 06:09:23'),
(97, 'Chandan', 1, 1, 1, '2019-11-08 06:09:34', '2019-11-08 06:09:34'),
(98, 'Chandni', 1, 1, 1, '2019-11-08 06:09:44', '2019-11-08 06:09:44'),
(99, 'Dalip', 1, 1, 1, '2019-11-08 06:09:55', '2019-11-08 06:09:55'),
(100, 'Deepak', 1, 1, 1, '2019-11-08 06:10:08', '2019-11-08 06:10:08'),
(101, 'Deep', 1, 1, 1, '2019-11-08 06:10:13', '2019-11-08 06:10:13'),
(102, 'Deepika', 1, 1, 1, '2019-11-08 06:10:24', '2019-11-08 06:10:24'),
(103, 'Dinesh', 1, 1, 1, '2019-11-08 06:10:35', '2019-11-08 06:10:35'),
(104, 'Eklavya', 1, 1, 1, '2019-11-08 06:10:46', '2019-11-08 06:10:46'),
(105, 'Gaurav', 1, 1, 1, '2019-11-08 06:10:56', '2019-11-08 06:10:56'),
(106, 'Govinda', 1, 1, 1, '2019-11-08 06:11:06', '2019-11-08 06:11:06'),
(107, 'Gurdeep', 1, 1, 1, '2019-11-08 06:11:17', '2019-11-08 06:11:17'),
(108, 'Hari', 1, 1, 1, '2019-11-08 06:11:31', '2019-11-08 06:11:31'),
(109, 'Harish', 1, 1, 1, '2019-11-08 06:12:23', '2019-11-08 06:12:23'),
(110, 'Harsh', 1, 1, 1, '2019-11-08 06:12:34', '2019-11-08 06:12:34'),
(111, 'Harsha', 1, 1, 1, '2019-11-08 06:12:50', '2019-11-08 06:12:50'),
(112, 'Hemant', 1, 1, 1, '2019-11-08 06:13:04', '2019-11-08 06:13:04'),
(113, 'Hemani', 1, 1, 1, '2019-11-08 06:13:14', '2019-11-08 06:13:14'),
(114, 'Sabhya', 1, 1, 1, '2019-11-08 06:13:25', '2019-11-08 06:13:25'),
(115, 'Jai', 1, 1, 1, '2019-11-08 06:13:36', '2019-11-08 06:13:36'),
(116, 'Rishabh', 1, 1, 1, '2019-11-08 06:13:49', '2019-11-08 06:13:49'),
(117, 'Hrithik', 1, 1, 1, '2019-11-08 06:14:02', '2019-11-08 06:14:02'),
(118, 'Indra', 1, 1, 1, '2019-11-08 06:14:13', '2019-11-08 06:14:13'),
(119, 'Shakti', 1, 1, 1, '2019-11-08 06:14:25', '2019-11-08 06:14:25'),
(120, 'Jagan', 1, 1, 1, '2019-11-08 06:14:41', '2019-11-08 06:14:41'),
(121, 'Karan', 1, 1, 1, '2019-11-08 06:14:53', '2019-11-08 06:14:53'),
(122, 'Veer', 1, 1, 1, '2019-11-08 06:15:02', '2019-11-08 06:15:02'),
(123, 'Karthik', 1, 1, 1, '2019-11-08 06:15:13', '2019-11-08 06:15:13'),
(124, 'Kushal', 1, 1, 1, '2019-11-08 06:15:25', '2019-11-08 06:15:25'),
(125, 'Lalit', 1, 1, 1, '2019-11-08 06:15:36', '2019-11-08 06:15:36'),
(126, 'Lalita', 1, 1, 1, '2019-11-08 06:15:41', '2019-11-08 06:15:41'),
(127, 'Mehul', 1, 1, 1, '2019-11-08 06:15:52', '2019-11-08 06:15:52'),
(128, 'Nakul', 1, 1, 1, '2019-11-08 06:16:02', '2019-11-08 06:16:02'),
(129, 'Neha', 1, 1, 1, '2019-11-08 06:17:20', '2019-11-08 06:17:20'),
(130, 'Swati', 1, 1, 1, '2019-11-08 06:17:28', '2019-11-08 06:17:28'),
(131, 'Megha', 1, 1, 1, '2019-11-08 06:17:34', '2019-11-08 06:17:34'),
(132, 'Manali', 1, 1, 1, '2019-11-08 06:17:43', '2019-11-08 06:17:43'),
(133, 'Nekita', 1, 1, 1, '2019-11-08 06:17:51', '2019-11-08 06:17:51'),
(134, 'Sonal', 1, 1, 1, '2019-11-08 06:18:01', '2019-11-08 06:18:01'),
(135, 'Sonali', 1, 1, 1, '2019-11-08 06:18:09', '2019-11-08 06:18:09'),
(136, 'Sneha', 1, 1, 1, '2019-11-08 06:18:25', '2019-11-08 06:18:25'),
(137, 'Rani', 1, 1, 1, '2019-11-08 06:18:34', '2019-11-08 06:18:34'),
(138, 'Afreen', 1, 1, 1, '2019-11-08 06:18:45', '2019-11-08 06:18:45'),
(139, 'Komal', 1, 1, 1, '2019-11-08 06:18:54', '2019-11-08 06:18:54'),
(140, 'Shiva', 1, 1, 1, '2019-11-08 06:19:08', '2019-11-08 06:19:08'),
(141, 'Shiv', 1, 1, 1, '2019-11-08 06:19:13', '2019-11-08 06:19:13'),
(142, 'Shankar', 1, 1, 1, '2019-11-08 06:19:23', '2019-11-08 06:19:23'),
(143, 'Menal', 1, 1, 1, '2019-11-08 06:19:52', '2019-11-08 06:19:52'),
(144, 'Meenu', 1, 1, 1, '2019-11-08 06:20:00', '2019-11-08 06:20:00'),
(145, 'Payal', 1, 1, 1, '2019-11-08 06:20:06', '2019-11-08 06:20:06'),
(146, 'Akansha', 1, 1, 1, '2019-11-08 06:20:46', '2019-11-08 06:20:46'),
(147, 'Adya', 1, 1, 1, '2019-11-08 06:21:34', '2019-11-08 06:21:34'),
(148, 'Noor', 1, 1, 1, '2019-11-08 06:21:42', '2019-11-08 06:21:42'),
(149, 'Ankeita', 1, 1, 1, '2019-11-08 06:21:55', '2019-11-08 06:21:55'),
(150, 'Pooja', 1, 1, 1, '2019-11-08 06:22:02', '2019-11-08 06:22:02');

-- --------------------------------------------------------

--
-- Table structure for table `user_desig`
--

CREATE TABLE `user_desig` (
  `user_desig_id` int(11) NOT NULL,
  `user_id` int(11) NOT NULL,
  `desig_id` int(11) NOT NULL,
  `created_by` int(11) NOT NULL,
  `updated_by` int(11) NOT NULL,
  `created_at` timestamp NOT NULL DEFAULT current_timestamp(),
  `updated_at` timestamp NOT NULL DEFAULT current_timestamp()
) ENGINE=InnoDB DEFAULT CHARSET=utf8mb4;

-- --------------------------------------------------------

--
-- Table structure for table `user_favourite`
--

CREATE TABLE `user_favourite` (
  `fav_id` int(11) NOT NULL,
  `user_id` int(11) NOT NULL,
  `geo_id` int(11) NOT NULL,
  `org_id` int(11) NOT NULL,
  `scheme_id` int(11) NOT NULL,
  `level_id` int(11) NOT NULL,
  `dept_id` int(11) NOT NULL,
  `mod_id` int(11) NOT NULL,
  `created_by` int(11) NOT NULL,
  `updated_by` int(11) NOT NULL,
  `created_at` timestamp NOT NULL DEFAULT current_timestamp(),
  `updated_at` timestamp NOT NULL DEFAULT current_timestamp()
) ENGINE=InnoDB DEFAULT CHARSET=utf8mb4;

-- --------------------------------------------------------

--
-- Table structure for table `year`
--

CREATE TABLE `year` (
  `year_id` int(11) NOT NULL,
  `year_value` varchar(10) NOT NULL,
  `status` int(11) NOT NULL,
  `created_by` int(11) NOT NULL,
  `updated_by` int(11) NOT NULL,
  `created_at` timestamp NOT NULL DEFAULT current_timestamp(),
  `updated_at` timestamp NOT NULL DEFAULT current_timestamp()
) ENGINE=InnoDB DEFAULT CHARSET=utf8mb4;

--
-- Dumping data for table `year`
--

INSERT INTO `year` (`year_id`, `year_value`, `status`, `created_by`, `updated_by`, `created_at`, `updated_at`) VALUES
(1, '2016-2017', 0, 1, 1, '2019-11-09 06:14:47', '2019-11-09 06:14:47'),
(2, '2017-2018', 0, 1, 1, '2019-11-09 06:14:47', '2019-11-09 06:14:47'),
(3, '2018-2019', 0, 1, 1, '2019-11-09 06:15:29', '2019-11-09 06:15:29'),
(4, '2019-2020', 1, 1, 1, '2019-11-09 06:15:29', '2019-11-09 06:15:29');

--
-- Indexes for dumped tables
--

--
-- Indexes for table `asset`
--
ALTER TABLE `asset`
  ADD PRIMARY KEY (`asset_id`);

--
-- Indexes for table `asset_block_count`
--
ALTER TABLE `asset_block_count`
  ADD PRIMARY KEY (`asset_block_count_id`);

--
-- Indexes for table `asset_geo_location`
--
ALTER TABLE `asset_geo_location`
  ADD PRIMARY KEY (`asset_geo_loc_id`);

--
-- Indexes for table `asset_numbers`
--
ALTER TABLE `asset_numbers`
  ADD PRIMARY KEY (`asset_numbers_id`);

--
-- Indexes for table `department`
--
ALTER TABLE `department`
  ADD PRIMARY KEY (`dept_id`);

--
-- Indexes for table `designation`
--
ALTER TABLE `designation`
  ADD PRIMARY KEY (`desig_id`);

--
-- Indexes for table `desig_permission`
--
ALTER TABLE `desig_permission`
  ADD PRIMARY KEY (`desig_permission_id`);

--
-- Indexes for table `geo_location`
--
ALTER TABLE `geo_location`
  ADD PRIMARY KEY (`geo_location_id`);

--
-- Indexes for table `geo_structure`
--
ALTER TABLE `geo_structure`
  ADD PRIMARY KEY (`geo_id`);

--
-- Indexes for table `level`
--
ALTER TABLE `level`
  ADD PRIMARY KEY (`level_id`);

--
-- Indexes for table `migrations`
--
ALTER TABLE `migrations`
  ADD PRIMARY KEY (`id`);

--
-- Indexes for table `module`
--
ALTER TABLE `module`
  ADD PRIMARY KEY (`mod_id`);

--
-- Indexes for table `org`
--
ALTER TABLE `org`
  ADD PRIMARY KEY (`id`);

--
-- Indexes for table `organisation`
--
ALTER TABLE `organisation`
  ADD PRIMARY KEY (`org_id`);

--
-- Indexes for table `password_resets`
--
ALTER TABLE `password_resets`
  ADD KEY `password_resets_email_index` (`email`);

--
-- Indexes for table `scheme_data`
--
ALTER TABLE `scheme_data`
  ADD PRIMARY KEY (`scheme_data_id`);

--
-- Indexes for table `scheme_geo_target`
--
ALTER TABLE `scheme_geo_target`
  ADD PRIMARY KEY (`scheme_geo_target_id`);

--
-- Indexes for table `scheme_indicator`
--
ALTER TABLE `scheme_indicator`
  ADD PRIMARY KEY (`indicator_id`);

--
-- Indexes for table `scheme_link`
--
ALTER TABLE `scheme_link`
  ADD PRIMARY KEY (`scheme_link_id`);

--
-- Indexes for table `scheme_performance`
--
ALTER TABLE `scheme_performance`
  ADD PRIMARY KEY (`scheme_performance_id`);

--
-- Indexes for table `scheme_structure`
--
ALTER TABLE `scheme_structure`
  ADD PRIMARY KEY (`scheme_id`);

--
-- Indexes for table `scheme_type`
--
ALTER TABLE `scheme_type`
  ADD PRIMARY KEY (`sch_type_id`);

--
-- Indexes for table `team`
--
ALTER TABLE `team`
  ADD PRIMARY KEY (`id`);

--
-- Indexes for table `uom`
--
ALTER TABLE `uom`
  ADD PRIMARY KEY (`uom_id`);

--
-- Indexes for table `user`
--
ALTER TABLE `user`
  ADD PRIMARY KEY (`user_id`);

--
-- Indexes for table `users`
--
ALTER TABLE `users`
  ADD PRIMARY KEY (`id`);

--
-- Indexes for table `user_data`
--
ALTER TABLE `user_data`
  ADD PRIMARY KEY (`user_id`);

--
-- Indexes for table `user_desig`
--
ALTER TABLE `user_desig`
  ADD PRIMARY KEY (`user_desig_id`);

--
-- Indexes for table `user_favourite`
--
ALTER TABLE `user_favourite`
  ADD PRIMARY KEY (`fav_id`);

--
-- Indexes for table `year`
--
ALTER TABLE `year`
  ADD PRIMARY KEY (`year_id`);

--
-- AUTO_INCREMENT for dumped tables
--

--
-- AUTO_INCREMENT for table `asset`
--
ALTER TABLE `asset`
  MODIFY `asset_id` int(11) NOT NULL AUTO_INCREMENT, AUTO_INCREMENT=9;

--
-- AUTO_INCREMENT for table `asset_block_count`
--
ALTER TABLE `asset_block_count`
  MODIFY `asset_block_count_id` int(100) NOT NULL AUTO_INCREMENT, AUTO_INCREMENT=8;

--
-- AUTO_INCREMENT for table `asset_geo_location`
--
ALTER TABLE `asset_geo_location`
  MODIFY `asset_geo_loc_id` int(100) NOT NULL AUTO_INCREMENT, AUTO_INCREMENT=6;

--
-- AUTO_INCREMENT for table `asset_numbers`
--
ALTER TABLE `asset_numbers`
  MODIFY `asset_numbers_id` int(100) NOT NULL AUTO_INCREMENT, AUTO_INCREMENT=17;

--
-- AUTO_INCREMENT for table `department`
--
ALTER TABLE `department`
  MODIFY `dept_id` int(11) NOT NULL AUTO_INCREMENT, AUTO_INCREMENT=31;

--
-- AUTO_INCREMENT for table `designation`
--
ALTER TABLE `designation`
  MODIFY `desig_id` int(11) NOT NULL AUTO_INCREMENT, AUTO_INCREMENT=8;

--
-- AUTO_INCREMENT for table `desig_permission`
--
ALTER TABLE `desig_permission`
  MODIFY `desig_permission_id` int(11) NOT NULL AUTO_INCREMENT;

--
-- AUTO_INCREMENT for table `geo_location`
--
ALTER TABLE `geo_location`
  MODIFY `geo_location_id` int(11) NOT NULL AUTO_INCREMENT;

--
-- AUTO_INCREMENT for table `geo_structure`
--
ALTER TABLE `geo_structure`
  MODIFY `geo_id` int(11) NOT NULL AUTO_INCREMENT, AUTO_INCREMENT=157;

--
-- AUTO_INCREMENT for table `level`
--
ALTER TABLE `level`
  MODIFY `level_id` int(11) NOT NULL AUTO_INCREMENT, AUTO_INCREMENT=5;

--
-- AUTO_INCREMENT for table `migrations`
--
ALTER TABLE `migrations`
  MODIFY `id` int(10) UNSIGNED NOT NULL AUTO_INCREMENT, AUTO_INCREMENT=3;

--
-- AUTO_INCREMENT for table `module`
--
ALTER TABLE `module`
  MODIFY `mod_id` int(11) NOT NULL AUTO_INCREMENT, AUTO_INCREMENT=9;

--
-- AUTO_INCREMENT for table `org`
--
ALTER TABLE `org`
  MODIFY `id` int(11) NOT NULL AUTO_INCREMENT, AUTO_INCREMENT=4;

--
-- AUTO_INCREMENT for table `organisation`
--
ALTER TABLE `organisation`
  MODIFY `org_id` int(11) NOT NULL AUTO_INCREMENT, AUTO_INCREMENT=2;

--
-- AUTO_INCREMENT for table `scheme_data`
--
ALTER TABLE `scheme_data`
  MODIFY `scheme_data_id` int(11) NOT NULL AUTO_INCREMENT;

--
-- AUTO_INCREMENT for table `scheme_geo_target`
--
ALTER TABLE `scheme_geo_target`
  MODIFY `scheme_geo_target_id` int(11) NOT NULL AUTO_INCREMENT, AUTO_INCREMENT=248;

--
-- AUTO_INCREMENT for table `scheme_indicator`
--
ALTER TABLE `scheme_indicator`
  MODIFY `indicator_id` int(11) NOT NULL AUTO_INCREMENT, AUTO_INCREMENT=18;

--
-- AUTO_INCREMENT for table `scheme_link`
--
ALTER TABLE `scheme_link`
  MODIFY `scheme_link_id` int(11) NOT NULL AUTO_INCREMENT;

--
-- AUTO_INCREMENT for table `scheme_performance`
--
ALTER TABLE `scheme_performance`
  MODIFY `scheme_performance_id` int(11) NOT NULL AUTO_INCREMENT;

--
-- AUTO_INCREMENT for table `scheme_structure`
--
ALTER TABLE `scheme_structure`
  MODIFY `scheme_id` int(11) NOT NULL AUTO_INCREMENT, AUTO_INCREMENT=5;

--
-- AUTO_INCREMENT for table `scheme_type`
--
ALTER TABLE `scheme_type`
  MODIFY `sch_type_id` int(11) NOT NULL AUTO_INCREMENT, AUTO_INCREMENT=3;

--
-- AUTO_INCREMENT for table `team`
--
ALTER TABLE `team`
  MODIFY `id` int(11) NOT NULL AUTO_INCREMENT, AUTO_INCREMENT=5;

--
-- AUTO_INCREMENT for table `uom`
--
ALTER TABLE `uom`
  MODIFY `uom_id` int(11) NOT NULL AUTO_INCREMENT, AUTO_INCREMENT=4;

--
-- AUTO_INCREMENT for table `users`
--
ALTER TABLE `users`
  MODIFY `id` int(11) NOT NULL AUTO_INCREMENT, AUTO_INCREMENT=73;

--
-- AUTO_INCREMENT for table `user_data`
--
ALTER TABLE `user_data`
  MODIFY `user_id` int(11) NOT NULL AUTO_INCREMENT, AUTO_INCREMENT=151;

--
-- AUTO_INCREMENT for table `user_desig`
--
ALTER TABLE `user_desig`
  MODIFY `user_desig_id` int(11) NOT NULL AUTO_INCREMENT;

--
-- AUTO_INCREMENT for table `user_favourite`
--
ALTER TABLE `user_favourite`
  MODIFY `fav_id` int(11) NOT NULL AUTO_INCREMENT;

--
-- AUTO_INCREMENT for table `year`
--
ALTER TABLE `year`
  MODIFY `year_id` int(11) NOT NULL AUTO_INCREMENT, AUTO_INCREMENT=5;
COMMIT;

/*!40101 SET CHARACTER_SET_CLIENT=@OLD_CHARACTER_SET_CLIENT */;
/*!40101 SET CHARACTER_SET_RESULTS=@OLD_CHARACTER_SET_RESULTS */;
/*!40101 SET COLLATION_CONNECTION=@OLD_COLLATION_CONNECTION */;
